2026-09-28T16:54:01.4588736Z Current runner version: '2.337.0'
2026-09-28T16:54:01.4618660Z ##[group]Runner Image Provisioner
2026-09-28T16:54:01.4619734Z Hosted Compute Agent
2026-09-28T16:54:01.4620316Z Version: 20260828.587
2026-09-28T16:54:01.4620912Z Commit: abac92662cab4cc7352de4f9f9d2e2419aad9c29
2026-09-28T16:54:01.4621678Z Build Date: 2026-08-28T16:44:25Z
2026-09-28T16:54:01.4622737Z Worker ID: {261a17cc-bd53-4e85-a245-b626c7b62b7b}
2026-09-28T16:54:01.4623534Z Azure Region: eastus2
2026-09-28T16:54:01.4624140Z ##[endgroup]
2026-09-28T16:54:01.4626609Z ##[group]Operating System
2026-09-28T16:54:01.4627295Z Ubuntu
2026-09-28T16:54:01.4627861Z 24.04.5
2026-09-28T16:54:01.4628433Z LTS
2026-09-28T16:54:01.4629024Z ##[endgroup]
2026-09-28T16:54:01.4629579Z ##[group]Runner Image
2026-09-28T16:54:01.4630231Z Image: ubuntu-24.04-arm
2026-09-28T16:54:01.4630855Z Version: 20260920.129.1
2026-09-28T16:54:01.4632545Z Included Software: https://github.com/actions/runner-images/blob/ubuntu24-arm64/20260920.129/images/ubuntu/Ubuntu2404-Arm64-Readme.md
2026-09-28T16:54:01.4634231Z Image Release: https://github.com/actions/runner-images/releases/tag/ubuntu24-arm64%2F20260920.129
2026-09-28T16:54:01.4635221Z ##[endgroup]
2026-09-28T16:54:01.4636524Z ##[group]GITHUB_TOKEN Permissions
2026-09-28T16:54:01.4639529Z Actions: read
2026-09-28T16:54:01.4640296Z Contents: write
2026-09-28T16:54:01.4640871Z Metadata: read
2026-09-28T16:54:01.4641411Z ##[endgroup]
2026-09-28T16:54:01.4644564Z Secret source: Actions
2026-09-28T16:54:01.4645524Z Cache mode: write
2026-09-28T16:54:01.4646460Z Prepare workflow directory
2026-09-28T16:54:01.5020939Z Prepare all required actions
2026-09-28T16:54:01.5069618Z Getting action download info
2026-09-28T16:54:01.7366578Z Download action repository 'actions/checkout@11d5960a326750d5838078e36cf38b85af677262' (SHA:11d5960a326750d5838078e36cf38b85af677262)
2026-09-28T16:54:01.8715303Z Download action repository 'actions/download-artifact@v4' (SHA:d3f86a106a0bac45b974a628896c90dbdf5c8093)
2026-09-28T16:54:02.1662614Z Download action repository 'actions/upload-artifact@v4' (SHA:ea165f8d65b6e75b540449e92b4886f43607fa02)
2026-09-28T16:54:02.4004044Z Complete job name: runtime
2026-09-28T16:54:02.4926180Z ##[group]Run actions/checkout@11d5960a326750d5838078e36cf38b85af677262
2026-09-28T16:54:02.4927718Z with:
2026-09-28T16:54:02.4928479Z   persist-credentials: false
2026-09-28T16:54:02.4929226Z   repository: Russianranger/coh-android
2026-09-28T16:54:02.4933892Z   token: ***
2026-09-28T16:54:02.4934525Z   ssh-strict: true
2026-09-28T16:54:02.4935124Z   ssh-user: git
2026-09-28T16:54:02.4935752Z   clean: true
2026-09-28T16:54:02.4936393Z   sparse-checkout-cone-mode: true
2026-09-28T16:54:02.4937062Z   fetch-depth: 1
2026-09-28T16:54:02.4937731Z   fetch-tags: false
2026-09-28T16:54:02.4938336Z   show-progress: true
2026-09-28T16:54:02.4939032Z   lfs: false
2026-09-28T16:54:02.4939601Z   submodules: false
2026-09-28T16:54:02.4940189Z   set-safe-directory: true
2026-09-28T16:54:02.4940968Z   allow-unsafe-pr-checkout: false
2026-09-28T16:54:02.4942437Z ##[endgroup]
2026-09-28T16:54:02.5853716Z Syncing repository: Russianranger/coh-android
2026-09-28T16:54:02.5856958Z ##[group]Getting Git version info
2026-09-28T16:54:02.5858008Z Working directory is '/home/runner/work/coh-android/coh-android'
2026-09-28T16:54:02.5859721Z [command]/usr/bin/git version
2026-09-28T16:54:02.5889332Z git version 2.55.0
2026-09-28T16:54:02.5908641Z ##[endgroup]
2026-09-28T16:54:02.5922649Z Temporarily overriding HOME='/home/runner/work/_temp/df1a148a-5799-4345-8e74-fb2edf609f1f' before making global git config changes
2026-09-28T16:54:02.5924473Z Adding repository directory to the temporary git global config as a safe directory
2026-09-28T16:54:02.5927219Z [command]/usr/bin/git config --global --add safe.directory /home/runner/work/coh-android/coh-android
2026-09-28T16:54:02.5958516Z Deleting the contents of '/home/runner/work/coh-android/coh-android'
2026-09-28T16:54:02.5963499Z ##[group]Initializing the repository
2026-09-28T16:54:02.5967663Z [command]/usr/bin/git init /home/runner/work/coh-android/coh-android
2026-09-28T16:54:02.6038853Z hint: Using 'master' as the name for the initial branch. This default branch name
2026-09-28T16:54:02.6040496Z hint: will change to "main" in Git 3.0. To configure the initial branch name
2026-09-28T16:54:02.6042781Z hint: to use in all of your new repositories, which will suppress this warning,
2026-09-28T16:54:02.6043759Z hint: call:
2026-09-28T16:54:02.6044758Z hint:
2026-09-28T16:54:02.6045469Z hint: 	git config --global init.defaultBranch <name>
2026-09-28T16:54:02.6046260Z hint:
2026-09-28T16:54:02.6047058Z hint: Names commonly chosen instead of 'master' are 'main', 'trunk' and
2026-09-28T16:54:02.6048131Z hint: 'development'. The just-created branch can be renamed via this command:
2026-09-28T16:54:02.6048972Z hint:
2026-09-28T16:54:02.6049622Z hint: 	git branch -m <name>
2026-09-28T16:54:02.6050275Z hint:
2026-09-28T16:54:02.6051081Z hint: Disable this message with "git config set advice.defaultBranchName false"
2026-09-28T16:54:02.6052804Z Initialized empty Git repository in /home/runner/work/coh-android/coh-android/.git/
2026-09-28T16:54:02.6057425Z [command]/usr/bin/git remote add origin https://github.com/Russianranger/coh-android
2026-09-28T16:54:02.6094965Z ##[endgroup]
2026-09-28T16:54:02.6096030Z ##[group]Disabling automatic garbage collection
2026-09-28T16:54:02.6099244Z [command]/usr/bin/git config --local gc.auto 0
2026-09-28T16:54:02.6127683Z ##[endgroup]
2026-09-28T16:54:02.6128758Z ##[group]Setting up auth
2026-09-28T16:54:02.6133965Z [command]/usr/bin/git config --local --name-only --get-regexp core\.sshCommand
2026-09-28T16:54:02.6171257Z [command]/usr/bin/git submodule foreach --recursive sh -c "git config --local --name-only --get-regexp 'core\.sshCommand' && git config --local --unset-all 'core.sshCommand' || :"
2026-09-28T16:54:02.6448534Z [command]/usr/bin/git config --local --name-only --get-regexp http\.https\:\/\/github\.com\/\.extraheader
2026-09-28T16:54:02.6477749Z [command]/usr/bin/git submodule foreach --recursive sh -c "git config --local --name-only --get-regexp 'http\.https\:\/\/github\.com\/\.extraheader' && git config --local --unset-all 'http.https://github.com/.extraheader' || :"
2026-09-28T16:54:02.6673195Z [command]/usr/bin/git config --local --name-only --get-regexp ^includeIf\.gitdir:
2026-09-28T16:54:02.6705522Z [command]/usr/bin/git submodule foreach --recursive git config --local --show-origin --name-only --get-regexp remote.origin.url
2026-09-28T16:54:02.6902936Z [command]/usr/bin/git config --local http.https://github.com/.extraheader AUTHORIZATION: basic ***
2026-09-28T16:54:02.6942647Z ##[endgroup]
2026-09-28T16:54:02.6943962Z ##[group]Fetching the repository
2026-09-28T16:54:02.6951447Z [command]/usr/bin/git -c protocol.version=2 fetch --no-tags --prune --no-recurse-submodules --depth=1 origin +8944bd598990b33b63a750a64ae448403e4542cd:refs/remotes/origin/codex/character-persistence-continuation
2026-09-28T16:54:12.8405100Z From https://github.com/Russianranger/coh-android
2026-09-28T16:54:12.8406155Z  * [new ref]             8944bd598990b33b63a750a64ae448403e4542cd -> origin/codex/character-persistence-continuation
2026-09-28T16:54:12.8408243Z ##[endgroup]
2026-09-28T16:54:12.8408964Z ##[group]Determining the checkout info
2026-09-28T16:54:12.8410808Z ##[endgroup]
2026-09-28T16:54:12.8416771Z [command]/usr/bin/git sparse-checkout disable
2026-09-28T16:54:12.8458407Z [command]/usr/bin/git config --local --unset-all extensions.worktreeConfig
2026-09-28T16:54:12.8487139Z ##[group]Checking out the ref
2026-09-28T16:54:12.8491142Z [command]/usr/bin/git checkout --progress --force -B codex/character-persistence-continuation refs/remotes/origin/codex/character-persistence-continuation
2026-09-28T16:54:13.9655777Z Updating files:  22% (36008/162730)
2026-09-28T16:54:13.9959146Z Updating files:  23% (37428/162730)
2026-09-28T16:54:14.0250038Z Updating files:  24% (39056/162730)
2026-09-28T16:54:14.0546730Z Updating files:  25% (40683/162730)
2026-09-28T16:54:14.0830677Z Updating files:  26% (42310/162730)
2026-09-28T16:54:14.1105959Z Updating files:  27% (43938/162730)
2026-09-28T16:54:14.1397805Z Updating files:  28% (45565/162730)
2026-09-28T16:54:14.1700454Z Updating files:  29% (47192/162730)
2026-09-28T16:54:14.1979054Z Updating files:  30% (48819/162730)
2026-09-28T16:54:14.2250078Z Updating files:  31% (50447/162730)
2026-09-28T16:54:14.2542946Z Updating files:  32% (52074/162730)
2026-09-28T16:54:14.2824245Z Updating files:  33% (53701/162730)
2026-09-28T16:54:14.3099783Z Updating files:  34% (55329/162730)
2026-09-28T16:54:14.4086695Z Updating files:  35% (56956/162730)
2026-09-28T16:54:14.4377396Z Updating files:  36% (58583/162730)
2026-09-28T16:54:14.4659877Z Updating files:  37% (60211/162730)
2026-09-28T16:54:14.4950042Z Updating files:  38% (61838/162730)
2026-09-28T16:54:14.5232182Z Updating files:  39% (63465/162730)
2026-09-28T16:54:14.5509141Z Updating files:  40% (65092/162730)
2026-09-28T16:54:14.5786781Z Updating files:  41% (66720/162730)
2026-09-28T16:54:14.6032323Z Updating files:  42% (68347/162730)
2026-09-28T16:54:14.6318774Z Updating files:  43% (69974/162730)
2026-09-28T16:54:14.6608976Z Updating files:  44% (71602/162730)
2026-09-28T16:54:14.9013053Z Updating files:  45% (73229/162730)
2026-09-28T16:54:14.9404853Z Updating files:  46% (74856/162730)
2026-09-28T16:54:15.2856050Z Updating files:  46% (75030/162730)
2026-09-28T16:54:15.4813669Z Updating files:  47% (76484/162730)
2026-09-28T16:54:16.0621535Z Updating files:  48% (78111/162730)
2026-09-28T16:54:16.6676591Z Updating files:  48% (78196/162730)
2026-09-28T16:54:16.9401734Z Updating files:  49% (79738/162730)
2026-09-28T16:54:17.0146079Z Updating files:  49% (81170/162730)
2026-09-28T16:54:17.4353318Z Updating files:  50% (81365/162730)
2026-09-28T16:54:17.5651813Z Updating files:  51% (82993/162730)
2026-09-28T16:54:17.6085976Z Updating files:  52% (84620/162730)
2026-09-28T16:54:17.6517090Z Updating files:  53% (86247/162730)
2026-09-28T16:54:17.6798092Z Updating files:  54% (87875/162730)
2026-09-28T16:54:17.7066145Z Updating files:  55% (89502/162730)
2026-09-28T16:54:18.1988174Z Updating files:  56% (91129/162730)
2026-09-28T16:54:18.2094936Z Updating files:  56% (92133/162730)
2026-09-28T16:54:18.2598729Z Updating files:  57% (92757/162730)
2026-09-28T16:54:18.4170130Z Updating files:  58% (94384/162730)
2026-09-28T16:54:18.5612735Z Updating files:  59% (96011/162730)
2026-09-28T16:54:18.6075664Z Updating files:  60% (97638/162730)
2026-09-28T16:54:18.6560008Z Updating files:  61% (99266/162730)
2026-09-28T16:54:18.6956139Z Updating files:  62% (100893/162730)
2026-09-28T16:54:18.7324984Z Updating files:  63% (102520/162730)
2026-09-28T16:54:18.7682088Z Updating files:  64% (104148/162730)
2026-09-28T16:54:18.8051113Z Updating files:  65% (105775/162730)
2026-09-28T16:54:18.8430402Z Updating files:  66% (107402/162730)
2026-09-28T16:54:18.8802371Z Updating files:  67% (109030/162730)
2026-09-28T16:54:18.9156546Z Updating files:  68% (110657/162730)
2026-09-28T16:54:19.1953772Z Updating files:  69% (112284/162730)
2026-09-28T16:54:19.2289444Z Updating files:  69% (112524/162730)
2026-09-28T16:54:19.2636460Z Updating files:  70% (113911/162730)
2026-09-28T16:54:19.2975060Z Updating files:  71% (115539/162730)
2026-09-28T16:54:19.3313657Z Updating files:  72% (117166/162730)
2026-09-28T16:54:19.3639454Z Updating files:  73% (118793/162730)
2026-09-28T16:54:19.3968184Z Updating files:  74% (120421/162730)
2026-09-28T16:54:19.4291737Z Updating files:  75% (122048/162730)
2026-09-28T16:54:19.4603564Z Updating files:  76% (123675/162730)
2026-09-28T16:54:19.4920759Z Updating files:  77% (125303/162730)
2026-09-28T16:54:19.5536229Z Updating files:  78% (126930/162730)
2026-09-28T16:54:19.5876523Z Updating files:  79% (128557/162730)
2026-09-28T16:54:19.6181201Z Updating files:  80% (130184/162730)
2026-09-28T16:54:19.6479694Z Updating files:  81% (131812/162730)
2026-09-28T16:54:19.6781335Z Updating files:  82% (133439/162730)
2026-09-28T16:54:19.7105019Z Updating files:  83% (135066/162730)
2026-09-28T16:54:19.7450566Z Updating files:  84% (136694/162730)
2026-09-28T16:54:19.7761744Z Updating files:  85% (138321/162730)
2026-09-28T16:54:19.8100481Z Updating files:  86% (139948/162730)
2026-09-28T16:54:20.0423697Z Updating files:  87% (141576/162730)
2026-09-28T16:54:20.0650611Z Updating files:  87% (142030/162730)
2026-09-28T16:54:20.0978351Z Updating files:  88% (143203/162730)
2026-09-28T16:54:20.1281022Z Updating files:  89% (144830/162730)
2026-09-28T16:54:20.1594979Z Updating files:  90% (146457/162730)
2026-09-28T16:54:20.2281553Z Updating files:  91% (148085/162730)
2026-09-28T16:54:20.2796827Z Updating files:  92% (149712/162730)
2026-09-28T16:54:20.3577264Z Updating files:  93% (151339/162730)
2026-09-28T16:54:20.5001272Z Updating files:  94% (152967/162730)
2026-09-28T16:54:20.5818529Z Updating files:  95% (154594/162730)
2026-09-28T16:54:20.6967231Z Updating files:  96% (156221/162730)
2026-09-28T16:54:20.9275273Z Updating files:  97% (157849/162730)
2026-09-28T16:54:20.9398175Z Updating files:  98% (159476/162730)
2026-09-28T16:54:21.0237185Z Updating files:  98% (159660/162730)
2026-09-28T16:54:21.1303366Z Updating files:  99% (161103/162730)
2026-09-28T16:54:21.1304384Z Updating files: 100% (162730/162730)
2026-09-28T16:54:21.1305001Z Updating files: 100% (162730/162730), done.
2026-09-28T16:54:21.3030656Z Switched to a new branch 'codex/character-persistence-continuation'
2026-09-28T16:54:21.3033529Z branch 'codex/character-persistence-continuation' set up to track 'origin/codex/character-persistence-continuation'.
2026-09-28T16:54:21.3148975Z ##[endgroup]
2026-09-28T16:54:21.3184576Z [command]/usr/bin/git log -1 --format=%H
2026-09-28T16:54:21.3210262Z 8944bd598990b33b63a750a64ae448403e4542cd
2026-09-28T16:54:21.3219558Z ##[group]Removing auth
2026-09-28T16:54:21.3223141Z [command]/usr/bin/git config --local --name-only --get-regexp core\.sshCommand
2026-09-28T16:54:21.3257519Z [command]/usr/bin/git submodule foreach --recursive sh -c "git config --local --name-only --get-regexp 'core\.sshCommand' && git config --local --unset-all 'core.sshCommand' || :"
2026-09-28T16:54:21.3638397Z [command]/usr/bin/git config --local --name-only --get-regexp http\.https\:\/\/github\.com\/\.extraheader
2026-09-28T16:54:21.3662001Z http.https://github.com/.extraheader
2026-09-28T16:54:21.3669199Z [command]/usr/bin/git config --local --unset-all http.https://github.com/.extraheader
2026-09-28T16:54:21.4128108Z [command]/usr/bin/git submodule foreach --recursive sh -c "git config --local --name-only --get-regexp 'http\.https\:\/\/github\.com\/\.extraheader' && git config --local --unset-all 'http.https://github.com/.extraheader' || :"
2026-09-28T16:54:21.4492309Z [command]/usr/bin/git config --local --name-only --get-regexp ^includeIf\.gitdir:
2026-09-28T16:54:21.4523243Z [command]/usr/bin/git submodule foreach --recursive git config --local --show-origin --name-only --get-regexp remote.origin.url
2026-09-28T16:54:21.4889064Z ##[endgroup]
2026-09-28T16:54:21.6816861Z ##[group]Run actions/download-artifact@v4
2026-09-28T16:54:21.6817248Z with:
2026-09-28T16:54:21.6817645Z   name: wine-testclient-bridge
2026-09-28T16:54:21.6817904Z   path: out/bridge
2026-09-28T16:54:21.6818202Z   merge-multiple: false
2026-09-28T16:54:21.6818467Z   repository: Russianranger/coh-android
2026-09-28T16:54:21.6818743Z   run-id: 36454174481
2026-09-28T16:54:21.6819031Z ##[endgroup]
2026-09-28T16:54:21.8090218Z Downloading single artifact
2026-09-28T16:54:21.8245083Z (node:2341) [DEP0040] DeprecationWarning: The `punycode` module is deprecated. Please use a userland alternative instead.
2026-09-28T16:54:21.8247847Z (Use `node --trace-deprecation ...` to show where the warning was created)
2026-09-28T16:54:21.9075605Z Preparing to download the following artifacts:
2026-09-28T16:54:21.9076726Z - wine-testclient-bridge (ID: 10984776662, Size: 83310, Expected Digest: sha256:b820444e8c7db97f10e851c38c1975ea54a1fd99d1f864f0c363b4044d163aa9)
2026-09-28T16:54:22.0287746Z Redirecting to blob download url: https://productionresultssa1.blob.core.windows.net/actions-results/1877e807-c83f-41e9-a6c9-1ecd354551e7/workflow-job-run-8ca59ffb-ffb6-5921-8f6a-bc4824e4a5e6/artifacts/63aafd962ecc7542298d7d7a12838a40970fad8590e4140db56432bbeac0e01b.zip
2026-09-28T16:54:22.0289392Z Starting download of artifact to: /home/runner/work/coh-android/coh-android/out/bridge
2026-09-28T16:54:22.0757756Z (node:2341) [DEP0005] DeprecationWarning: Buffer() is deprecated due to security and usability issues. Please use the Buffer.alloc(), Buffer.allocUnsafe(), or Buffer.from() methods instead.
2026-09-28T16:54:22.0861190Z SHA256 digest of downloaded artifact is b820444e8c7db97f10e851c38c1975ea54a1fd99d1f864f0c363b4044d163aa9
2026-09-28T16:54:22.0861824Z Artifact download completed successfully.
2026-09-28T16:54:22.0862374Z Total of 1 artifact(s) downloaded
2026-09-28T16:54:22.0865894Z Download artifact has finished successfully
2026-09-28T16:54:22.1676826Z ##[group]Run actions/download-artifact@v4
2026-09-28T16:54:22.1677321Z with:
2026-09-28T16:54:22.1677559Z   name: wine-game-stack-probe
2026-09-28T16:54:22.1677888Z   path: out/stack-probe
2026-09-28T16:54:22.1678154Z   merge-multiple: false
2026-09-28T16:54:22.1678405Z   repository: Russianranger/coh-android
2026-09-28T16:54:22.1678781Z   run-id: 36454174481
2026-09-28T16:54:22.1679012Z ##[endgroup]
2026-09-28T16:54:22.2962885Z Downloading single artifact
2026-09-28T16:54:22.3103283Z (node:2353) [DEP0040] DeprecationWarning: The `punycode` module is deprecated. Please use a userland alternative instead.
2026-09-28T16:54:22.3104342Z (Use `node --trace-deprecation ...` to show where the warning was created)
2026-09-28T16:54:22.3856808Z Preparing to download the following artifacts:
2026-09-28T16:54:22.3857978Z - wine-game-stack-probe (ID: 10985545590, Size: 69768, Expected Digest: sha256:dcf5f2b987ce409d3e9f5955e1747741f0f665d318e3d6e04886d884e197ad18)
2026-09-28T16:54:22.5324981Z Redirecting to blob download url: https://productionresultssa1.blob.core.windows.net/actions-results/1877e807-c83f-41e9-a6c9-1ecd354551e7/workflow-job-run-8ca59ffb-ffb6-5921-8f6a-bc4824e4a5e6/artifacts/03e7199a6da36d2d9b710270e3084fdca5dfef8c129dacacf4537467d4875b3a.zip
2026-09-28T16:54:22.5326380Z Starting download of artifact to: /home/runner/work/coh-android/coh-android/out/stack-probe
2026-09-28T16:54:22.5765368Z (node:2353) [DEP0005] DeprecationWarning: Buffer() is deprecated due to security and usability issues. Please use the Buffer.alloc(), Buffer.allocUnsafe(), or Buffer.from() methods instead.
2026-09-28T16:54:22.5873437Z SHA256 digest of downloaded artifact is dcf5f2b987ce409d3e9f5955e1747741f0f665d318e3d6e04886d884e197ad18
2026-09-28T16:54:22.5874351Z Artifact download completed successfully.
2026-09-28T16:54:22.5874685Z Total of 1 artifact(s) downloaded
2026-09-28T16:54:22.5878454Z Download artifact has finished successfully
2026-09-28T16:54:22.6822988Z ##[group]Run actions/download-artifact@v4
2026-09-28T16:54:22.6823459Z with:
2026-09-28T16:54:22.6823713Z   name: wine-dbserver-package
2026-09-28T16:54:22.6824023Z   path: out/wine-dbserver
2026-09-28T16:54:22.6824329Z   run-id: 36451873322
2026-09-28T16:54:22.6827402Z   github-token: ***
2026-09-28T16:54:22.6827759Z   merge-multiple: false
2026-09-28T16:54:22.6828068Z   repository: Russianranger/coh-android
2026-09-28T16:54:22.6828385Z ##[endgroup]
2026-09-28T16:54:22.8111199Z Downloading single artifact
2026-09-28T16:54:22.8173394Z (node:2365) [DEP0040] DeprecationWarning: The `punycode` module is deprecated. Please use a userland alternative instead.
2026-09-28T16:54:22.8174226Z (Use `node --trace-deprecation ...` to show where the warning was created)
2026-09-28T16:54:22.8367732Z (node:2365) [DEP0169] DeprecationWarning: `url.parse()` behavior is not standardized and prone to errors that have security implications. Use the WHATWG URL API instead. CVEs are not issued for `url.parse()` vulnerabilities.
2026-09-28T16:54:23.0322629Z Preparing to download the following artifacts:
2026-09-28T16:54:23.0323395Z - wine-dbserver-package (ID: 10983529415, Size: 2181631, Expected Digest: sha256:5b282da75451372be7bc847464e8c462c8df3e6021dfb7a2f8da7b0f74f51cfb)
2026-09-28T16:54:23.0351653Z Downloading artifact '10983529415' from 'Russianranger/coh-android'
2026-09-28T16:54:23.2557636Z Redirecting to blob download url: https://productionresultssa4.blob.core.windows.net/actions-results/a2687715-35e0-4974-b3d6-a4aadc756838/workflow-job-run-00965c03-ff41-5d77-bd3e-bf0d172beb88/artifacts/a367580ecf1b995853dcde064fe039d32028a6f9a592a67d004fa3e656983bd1.zip
2026-09-28T16:54:23.2559273Z Starting download of artifact to: /home/runner/work/coh-android/coh-android/out/wine-dbserver
2026-09-28T16:54:23.3291642Z (node:2365) [DEP0005] DeprecationWarning: Buffer() is deprecated due to security and usability issues. Please use the Buffer.alloc(), Buffer.allocUnsafe(), or Buffer.from() methods instead.
2026-09-28T16:54:23.3932904Z SHA256 digest of downloaded artifact is 5b282da75451372be7bc847464e8c462c8df3e6021dfb7a2f8da7b0f74f51cfb
2026-09-28T16:54:23.3933566Z Artifact download completed successfully.
2026-09-28T16:54:23.3934109Z Total of 1 artifact(s) downloaded
2026-09-28T16:54:23.3938067Z Download artifact has finished successfully
2026-09-28T16:54:23.4067748Z ##[group]Run actions/download-artifact@v4
2026-09-28T16:54:23.4068294Z with:
2026-09-28T16:54:23.4068525Z   name: reference-win32-runtime
2026-09-28T16:54:23.4068823Z   path: out/reference-artifact
2026-09-28T16:54:23.4069182Z   run-id: 36088012664
2026-09-28T16:54:23.4072423Z   github-token: ***
2026-09-28T16:54:23.4072807Z   merge-multiple: false
2026-09-28T16:54:23.4073101Z   repository: Russianranger/coh-android
2026-09-28T16:54:23.4073441Z ##[endgroup]
2026-09-28T16:54:23.5370282Z Downloading single artifact
2026-09-28T16:54:23.5430930Z (node:2377) [DEP0040] DeprecationWarning: The `punycode` module is deprecated. Please use a userland alternative instead.
2026-09-28T16:54:23.5432103Z (Use `node --trace-deprecation ...` to show where the warning was created)
2026-09-28T16:54:23.5628968Z (node:2377) [DEP0169] DeprecationWarning: `url.parse()` behavior is not standardized and prone to errors that have security implications. Use the WHATWG URL API instead. CVEs are not issued for `url.parse()` vulnerabilities.
2026-09-28T16:54:23.8509058Z Preparing to download the following artifacts:
2026-09-28T16:54:23.8509808Z - reference-win32-runtime (ID: 10843979104, Size: 14556607, Expected Digest: sha256:b5453b47a2cc4d4059f9f48a7bf4622272a447ea648040e587e5796c71a2c853)
2026-09-28T16:54:23.8538076Z Downloading artifact '10843979104' from 'Russianranger/coh-android'
2026-09-28T16:54:24.0474862Z Redirecting to blob download url: https://productionresultssa0.blob.core.windows.net/actions-results/c1296f93-61fe-465f-91bb-0217c95be403/workflow-job-run-d3e55ea9-deec-5e4b-96d8-c9e3eef3bc94/artifacts/db22efc59407dbba5d44e59d272886dc9d52617e9a340598903c81d04afb7aed.zip
2026-09-28T16:54:24.0476686Z Starting download of artifact to: /home/runner/work/coh-android/coh-android/out/reference-artifact
2026-09-28T16:54:24.1882287Z (node:2377) [DEP0005] DeprecationWarning: Buffer() is deprecated due to security and usability issues. Please use the Buffer.alloc(), Buffer.allocUnsafe(), or Buffer.from() methods instead.
2026-09-28T16:54:24.3725121Z SHA256 digest of downloaded artifact is b5453b47a2cc4d4059f9f48a7bf4622272a447ea648040e587e5796c71a2c853
2026-09-28T16:54:24.3726409Z Artifact download completed successfully.
2026-09-28T16:54:24.3730334Z Total of 1 artifact(s) downloaded
2026-09-28T16:54:24.3730700Z Download artifact has finished successfully
2026-09-28T16:54:24.3868568Z ##[group]Run actions/download-artifact@v4
2026-09-28T16:54:24.3868983Z with:
2026-09-28T16:54:24.3869259Z   name: resume-testclient-win32
2026-09-28T16:54:24.3869604Z   path: out/resume-client
2026-09-28T16:54:24.3869852Z   run-id: 36297542986
2026-09-28T16:54:24.3873291Z   github-token: ***
2026-09-28T16:54:24.3873594Z   merge-multiple: false
2026-09-28T16:54:24.3873997Z   repository: Russianranger/coh-android
2026-09-28T16:54:24.3874296Z ##[endgroup]
2026-09-28T16:54:24.5134566Z Downloading single artifact
2026-09-28T16:54:24.5194385Z (node:2389) [DEP0040] DeprecationWarning: The `punycode` module is deprecated. Please use a userland alternative instead.
2026-09-28T16:54:24.5195909Z (Use `node --trace-deprecation ...` to show where the warning was created)
2026-09-28T16:54:24.5369456Z (node:2389) [DEP0169] DeprecationWarning: `url.parse()` behavior is not standardized and prone to errors that have security implications. Use the WHATWG URL API instead. CVEs are not issued for `url.parse()` vulnerabilities.
2026-09-28T16:54:24.7171766Z Preparing to download the following artifacts:
2026-09-28T16:54:24.7173052Z - resume-testclient-win32 (ID: 10924366939, Size: 3151423, Expected Digest: sha256:609bef18e9fbfc0fb03b14cc897ec2944db3baa86f1be1e40811d3d93fe21cc1)
2026-09-28T16:54:24.7201355Z Downloading artifact '10924366939' from 'Russianranger/coh-android'
2026-09-28T16:54:24.9080589Z Redirecting to blob download url: https://productionresultssa17.blob.core.windows.net/actions-results/09251c91-1b16-4e6e-8b51-9caa2c220d8a/workflow-job-run-7b054ed2-b006-5a00-ab02-3d37189a774c/artifacts/5e3c9878b33db1d14d29f7d7e7dcf1dc5bbc6cc5c30f714ac54a6fff54e9db82.zip
2026-09-28T16:54:24.9082231Z Starting download of artifact to: /home/runner/work/coh-android/coh-android/out/resume-client
2026-09-28T16:54:24.9793431Z (node:2389) [DEP0005] DeprecationWarning: Buffer() is deprecated due to security and usability issues. Please use the Buffer.alloc(), Buffer.allocUnsafe(), or Buffer.from() methods instead.
2026-09-28T16:54:25.0159827Z SHA256 digest of downloaded artifact is 609bef18e9fbfc0fb03b14cc897ec2944db3baa86f1be1e40811d3d93fe21cc1
2026-09-28T16:54:25.0160464Z Artifact download completed successfully.
2026-09-28T16:54:25.0160930Z Total of 1 artifact(s) downloaded
2026-09-28T16:54:25.0165353Z Download artifact has finished successfully
2026-09-28T16:54:25.0317594Z ##[group]Run actions/download-artifact@v4
2026-09-28T16:54:25.0318089Z with:
2026-09-28T16:54:25.0318344Z   name: coh-diagnostic-runtime-inputs
2026-09-28T16:54:25.0318716Z   path: out/android/assets/runtime
2026-09-28T16:54:25.0319038Z   run-id: 36364550345
2026-09-28T16:54:25.0322436Z   github-token: ***
2026-09-28T16:54:25.0322856Z   merge-multiple: false
2026-09-28T16:54:25.0323169Z   repository: Russianranger/coh-android
2026-09-28T16:54:25.0323500Z ##[endgroup]
2026-09-28T16:54:25.1961430Z Downloading single artifact
2026-09-28T16:54:25.2033485Z (node:2401) [DEP0040] DeprecationWarning: The `punycode` module is deprecated. Please use a userland alternative instead.
2026-09-28T16:54:25.2034230Z (Use `node --trace-deprecation ...` to show where the warning was created)
2026-09-28T16:54:25.2219860Z (node:2401) [DEP0169] DeprecationWarning: `url.parse()` behavior is not standardized and prone to errors that have security implications. Use the WHATWG URL API instead. CVEs are not issued for `url.parse()` vulnerabilities.
2026-09-28T16:54:25.3876984Z Preparing to download the following artifacts:
2026-09-28T16:54:25.3878100Z - coh-diagnostic-runtime-inputs (ID: 10947225941, Size: 13337866, Expected Digest: sha256:9853b93aa146b125d129f4491f02ff1ad6f0e5752492a3214e619775a179e107)
2026-09-28T16:54:25.3907687Z Downloading artifact '10947225941' from 'Russianranger/coh-android'
2026-09-28T16:54:25.5368032Z Redirecting to blob download url: https://productionresultssa9.blob.core.windows.net/actions-results/b73f71ec-2625-48f2-9454-64c0f325ef55/workflow-job-run-b80c7f38-4ccb-5eea-b673-d8f5f33378c2/artifacts/bd974f85ee171e7370e716d1ed133214484d6eee295e2f4dd71d425a5f2991d7.zip
2026-09-28T16:54:25.5369743Z Starting download of artifact to: /home/runner/work/coh-android/coh-android/out/android/assets/runtime
2026-09-28T16:54:25.6093714Z (node:2401) [DEP0005] DeprecationWarning: Buffer() is deprecated due to security and usability issues. Please use the Buffer.alloc(), Buffer.allocUnsafe(), or Buffer.from() methods instead.
2026-09-28T16:54:25.8175679Z SHA256 digest of downloaded artifact is 9853b93aa146b125d129f4491f02ff1ad6f0e5752492a3214e619775a179e107
2026-09-28T16:54:25.8176697Z Artifact download completed successfully.
2026-09-28T16:54:25.8181522Z Total of 1 artifact(s) downloaded
2026-09-28T16:54:25.8182281Z Download artifact has finished successfully
2026-09-28T16:54:25.8316740Z ##[group]Run actions/download-artifact@v4
2026-09-28T16:54:25.8317125Z with:
2026-09-28T16:54:25.8317447Z   name: coh-proot-android-source-and-build
2026-09-28T16:54:25.8317833Z   path: out/android/accepted-proot-sources
2026-09-28T16:54:25.8318157Z   run-id: 36364550345
2026-09-28T16:54:25.8321108Z   github-token: ***
2026-09-28T16:54:25.8321369Z   merge-multiple: false
2026-09-28T16:54:25.8321813Z   repository: Russianranger/coh-android
2026-09-28T16:54:25.8322310Z ##[endgroup]
2026-09-28T16:54:25.9593499Z Downloading single artifact
2026-09-28T16:54:25.9655963Z (node:2413) [DEP0040] DeprecationWarning: The `punycode` module is deprecated. Please use a userland alternative instead.
2026-09-28T16:54:25.9656770Z (Use `node --trace-deprecation ...` to show where the warning was created)
2026-09-28T16:54:25.9846425Z (node:2413) [DEP0169] DeprecationWarning: `url.parse()` behavior is not standardized and prone to errors that have security implications. Use the WHATWG URL API instead. CVEs are not issued for `url.parse()` vulnerabilities.
2026-09-28T16:54:26.2101709Z Preparing to download the following artifacts:
2026-09-28T16:54:26.2102888Z - coh-proot-android-source-and-build (ID: 10946592550, Size: 1162455, Expected Digest: sha256:ff12b5d7fca65434a5bb6d76e35dafd5f956e10d492086810cb3ca449db7baeb)
2026-09-28T16:54:26.2130392Z Downloading artifact '10946592550' from 'Russianranger/coh-android'
2026-09-28T16:54:26.3831706Z Redirecting to blob download url: https://productionresultssa9.blob.core.windows.net/actions-results/b73f71ec-2625-48f2-9454-64c0f325ef55/workflow-job-run-b80c7f38-4ccb-5eea-b673-d8f5f33378c2/artifacts/5e3efc0edf7dccf70e752deb68103cbbc2244dca5d9449d8a5b3582087009b2d.zip
2026-09-28T16:54:26.3834093Z Starting download of artifact to: /home/runner/work/coh-android/coh-android/out/android/accepted-proot-sources
2026-09-28T16:54:26.4715874Z (node:2413) [DEP0005] DeprecationWarning: Buffer() is deprecated due to security and usability issues. Please use the Buffer.alloc(), Buffer.allocUnsafe(), or Buffer.from() methods instead.
2026-09-28T16:54:26.4968180Z SHA256 digest of downloaded artifact is ff12b5d7fca65434a5bb6d76e35dafd5f956e10d492086810cb3ca449db7baeb
2026-09-28T16:54:26.4968745Z Artifact download completed successfully.
2026-09-28T16:54:26.4969021Z Total of 1 artifact(s) downloaded
2026-09-28T16:54:26.4973674Z Download artifact has finished successfully
2026-09-28T16:54:26.5081226Z ##[group]Run python3 tools/android/extract_talloc_source.py --assets out/android/assets/runtime --bundle out/android/accepted-proot-sources/proot-corresponding-sources.tar.gz --output out/android/source-cache/talloc-2.4.3.tar.gz > out/android/talloc-source-receipt.json
2026-09-28T16:54:26.5083680Z [36;1mpython3 tools/android/extract_talloc_source.py --assets out/android/assets/runtime --bundle out/android/accepted-proot-sources/proot-corresponding-sources.tar.gz --output out/android/source-cache/talloc-2.4.3.tar.gz > out/android/talloc-source-receipt.json[0m
2026-09-28T16:54:26.5206246Z shell: /usr/bin/bash -e {0}
2026-09-28T16:54:26.5206518Z ##[endgroup]
2026-09-28T16:54:26.6289759Z ##[group]Run python3 - <<'PY'
2026-09-28T16:54:26.6290102Z [36;1mpython3 - <<'PY'[0m
2026-09-28T16:54:26.6290343Z [36;1mimport hashlib, pathlib, zipfile[0m
2026-09-28T16:54:26.6290738Z [36;1marchive = pathlib.Path('out/reference-artifact/coh-reference-win32.zip')[0m
2026-09-28T16:54:26.6291413Z [36;1massert hashlib.sha256(archive.read_bytes()).hexdigest() == 'dd551750de26765297a45310bba51817b36a942d23f97d4da7f0d1365f49d3aa'[0m
2026-09-28T16:54:26.6292240Z [36;1mwith zipfile.ZipFile(archive) as value:[0m
2026-09-28T16:54:26.6292673Z [36;1m    assert all('/' not in n and '\\' not in n and n not in ('.','..') for n in value.namelist())[0m
2026-09-28T16:54:26.6293131Z [36;1m    value.extractall('out/reference-runtime')[0m
2026-09-28T16:54:26.6293406Z [36;1mPY[0m
2026-09-28T16:54:26.6294271Z [36;1mpython3 tools/android/game/package_game_runtime.py assemble --reference out/reference-runtime --dbserver out/wine-dbserver --resume out/resume-client --bridge out/bridge --output out/wine-game --repository-commit "$GITHUB_SHA"[0m
2026-09-28T16:54:26.6353454Z shell: /usr/bin/bash -e {0}
2026-09-28T16:54:26.6353700Z ##[endgroup]
2026-09-28T16:54:26.9530763Z {"role": "wine_game_runtime", "files": 25}
2026-09-28T16:54:26.9645413Z ##[group]Run python3 tools/fetch_runtime_asset_bundle.py --receipt assets/reference-inputs-receipt.json --output out/asset-inputs.zip --release-asset-id 588984151
2026-09-28T16:54:26.9646551Z [36;1mpython3 tools/fetch_runtime_asset_bundle.py --receipt assets/reference-inputs-receipt.json --output out/asset-inputs.zip --release-asset-id 588984151[0m
2026-09-28T16:54:26.9683365Z shell: /usr/bin/bash -e {0}
2026-09-28T16:54:26.9683599Z env:
2026-09-28T16:54:26.9686361Z   GH_TOKEN: ***
2026-09-28T16:54:26.9686546Z ##[endgroup]
2026-09-28T16:54:29.7673927Z {"bytes": 615541018, "sha256": "28b4aa8f0b3a71287e9a596df23097722bd71db9ddb9a5a906b5af9d6152cc07"}
2026-09-28T16:54:29.7794790Z ##[group]Run python3 tools/runtime_asset_bundle.py stage --archive out/asset-inputs.zip --manifest assets/reference-inputs-manifest.json --output out/reviewed-assets
2026-09-28T16:54:29.7795937Z [36;1mpython3 tools/runtime_asset_bundle.py stage --archive out/asset-inputs.zip --manifest assets/reference-inputs-manifest.json --output out/reviewed-assets[0m
2026-09-28T16:54:29.7796824Z [36;1mpython3 tools/android/game/prepare_game_data.py --asset-data out/reviewed-assets --output out/game-data[0m
2026-09-28T16:54:29.7797486Z [36;1mpython3 tools/android/dbserver/prepare_dbserver_schema.py --output out/dbserver-schema[0m
2026-09-28T16:54:29.7832844Z shell: /usr/bin/bash -e {0}
2026-09-28T16:54:29.7833088Z ##[endgroup]
2026-09-28T16:54:36.0875579Z {"asset_bytes": 985644857, "asset_count": 16721, "manifest_sha256": "cf96742b1b65306356df69d065fcfb5bda0986ec8700d47ae1422452a1c0db7f", "runtime_compatibility": "unvalidated"}
2026-09-28T16:54:40.8878679Z PASS: 5,995 files, 173,081,714 bytes; snapshot 0b75ade0c801735e10c5798f641948a45cc50488
2026-09-28T16:54:55.5834268Z PASS: 156,297 files, 1,992,097,492 bytes; snapshot d51533ec8e6a9cf726b9214968077a05fdcf19f3
2026-09-28T16:55:51.5577778Z {"output": "out/game-data", "file_count": 173011, "total_bytes": 2977730517}
2026-09-28T16:55:52.6650960Z {"output": "out/dbserver-schema", "files": 62, "tables": 99, "attribute_rows": 58272}
2026-09-28T16:55:52.6761343Z ##[group]Run sudo apt-get update -qq
2026-09-28T16:55:52.6761685Z [36;1msudo apt-get update -qq[0m
2026-09-28T16:55:52.6762414Z [36;1msudo apt-get install -y --no-install-recommends build-essential gawk default-jdk-headless iproute2 util-linux[0m
2026-09-28T16:55:52.6798244Z shell: /usr/bin/bash -e {0}
2026-09-28T16:55:52.6798486Z ##[endgroup]
2026-09-28T16:55:58.9478491Z Reading package lists...
2026-09-28T16:55:59.2353942Z Building dependency tree...
2026-09-28T16:55:59.2361816Z Reading state information...
2026-09-28T16:55:59.5966702Z gawk is already the newest version (1:5.2.1-2ubuntu0.1).
2026-09-28T16:55:59.5967195Z gawk set to manually installed.
2026-09-28T16:55:59.5967968Z iproute2 is already the newest version (6.1.0-1ubuntu6.4).
2026-09-28T16:55:59.5968398Z util-linux is already the newest version (2.39.3-9ubuntu6.6).
2026-09-28T16:55:59.5968769Z The following additional packages will be installed:
2026-09-28T16:55:59.5975671Z   ca-certificates-java default-jre-headless libpcsclite1
2026-09-28T16:55:59.5976122Z   openjdk-21-jdk-headless openjdk-21-jre-headless
2026-09-28T16:55:59.5984352Z Suggested packages:
2026-09-28T16:55:59.5984706Z   default-jre pcscd openjdk-21-demo openjdk-21-source libnss-mdns
2026-09-28T16:55:59.5985128Z   fonts-ipafont-gothic fonts-ipafont-mincho fonts-wqy-microhei
2026-09-28T16:55:59.5985466Z   | fonts-wqy-zenhei fonts-indic
2026-09-28T16:55:59.7519989Z The following NEW packages will be installed:
2026-09-28T16:55:59.7520415Z   build-essential ca-certificates-java default-jdk-headless
2026-09-28T16:55:59.7527647Z   default-jre-headless libpcsclite1 openjdk-21-jdk-headless
2026-09-28T16:55:59.7529232Z   openjdk-21-jre-headless
2026-09-28T16:55:59.8970970Z 0 upgraded, 7 newly installed, 0 to remove and 34 not upgraded.
2026-09-28T16:55:59.8971374Z Need to get 128 MB of archives.
2026-09-28T16:55:59.8980745Z After this operation, 301 MB of additional disk space will be used.
2026-09-28T16:55:59.8981396Z Get:1 http://ports.ubuntu.com/ubuntu-ports noble/main arm64 build-essential arm64 12.10ubuntu1 [4932 B]
2026-09-28T16:55:59.9593645Z Get:2 http://ports.ubuntu.com/ubuntu-ports noble/main arm64 ca-certificates-java all 20240118 [11.6 kB]
2026-09-28T16:55:59.9949857Z Get:3 http://ports.ubuntu.com/ubuntu-ports noble/main arm64 libpcsclite1 arm64 2.0.3-1build1 [21.8 kB]
2026-09-28T16:56:00.0397404Z Get:4 http://ports.ubuntu.com/ubuntu-ports noble-updates/main arm64 openjdk-21-jre-headless arm64 21.0.12.1+1-1~24.04.4 [45.8 MB]
2026-09-28T16:56:00.5267470Z Get:5 http://ports.ubuntu.com/ubuntu-ports noble/main arm64 default-jre-headless arm64 2:1.21-75+exp1 [3096 B]
2026-09-28T16:56:00.6103918Z Get:6 http://ports.ubuntu.com/ubuntu-ports noble-updates/main arm64 openjdk-21-jdk-headless arm64 21.0.12.1+1-1~24.04.4 [81.9 MB]
2026-09-28T16:56:01.2820668Z Get:7 http://ports.ubuntu.com/ubuntu-ports noble/main arm64 default-jdk-headless arm64 2:1.21-75+exp1 [960 B]
2026-09-28T16:56:01.5724275Z Fetched 128 MB in 2s (84.2 MB/s)
2026-09-28T16:56:01.6032011Z Selecting previously unselected package build-essential.
2026-09-28T16:56:01.6194752Z (Reading database ... 
2026-09-28T16:56:01.6195049Z (Reading database ... 5%
2026-09-28T16:56:01.6195268Z (Reading database ... 10%
2026-09-28T16:56:01.6195479Z (Reading database ... 15%
2026-09-28T16:56:01.6195695Z (Reading database ... 20%
2026-09-28T16:56:01.6196464Z (Reading database ... 25%
2026-09-28T16:56:01.6196684Z (Reading database ... 30%
2026-09-28T16:56:01.6196892Z (Reading database ... 35%
2026-09-28T16:56:01.6197101Z (Reading database ... 40%
2026-09-28T16:56:01.6197357Z (Reading database ... 45%
2026-09-28T16:56:01.6197568Z (Reading database ... 50%
2026-09-28T16:56:01.6329946Z (Reading database ... 55%
2026-09-28T16:56:01.7070094Z (Reading database ... 60%
2026-09-28T16:56:01.8654832Z (Reading database ... 65%
2026-09-28T16:56:02.0720497Z (Reading database ... 70%
2026-09-28T16:56:02.2568132Z (Reading database ... 75%
2026-09-28T16:56:02.3099651Z (Reading database ... 80%
2026-09-28T16:56:02.5097142Z (Reading database ... 85%
2026-09-28T16:56:02.6694557Z (Reading database ... 90%
2026-09-28T16:56:02.8153594Z (Reading database ... 95%
2026-09-28T16:56:02.8153905Z (Reading database ... 100%
2026-09-28T16:56:02.8154236Z (Reading database ... 201510 files and directories currently installed.)
2026-09-28T16:56:02.8200052Z Preparing to unpack .../0-build-essential_12.10ubuntu1_arm64.deb ...
2026-09-28T16:56:02.8262565Z Unpacking build-essential (12.10ubuntu1) ...
2026-09-28T16:56:02.8470587Z Selecting previously unselected package ca-certificates-java.
2026-09-28T16:56:02.8725381Z Preparing to unpack .../1-ca-certificates-java_20240118_all.deb ...
2026-09-28T16:56:02.8762483Z Unpacking ca-certificates-java (20240118) ...
2026-09-28T16:56:02.8993235Z Selecting previously unselected package libpcsclite1:arm64.
2026-09-28T16:56:02.9225732Z Preparing to unpack .../2-libpcsclite1_2.0.3-1build1_arm64.deb ...
2026-09-28T16:56:02.9241413Z Unpacking libpcsclite1:arm64 (2.0.3-1build1) ...
2026-09-28T16:56:02.9454950Z Selecting previously unselected package openjdk-21-jre-headless:arm64.
2026-09-28T16:56:02.9687637Z Preparing to unpack .../3-openjdk-21-jre-headless_21.0.12.1+1-1~24.04.4_arm64.deb ...
2026-09-28T16:56:02.9697351Z Unpacking openjdk-21-jre-headless:arm64 (21.0.12.1+1-1~24.04.4) ...
2026-09-28T16:56:04.0349028Z Selecting previously unselected package default-jre-headless.
2026-09-28T16:56:04.0600022Z Preparing to unpack .../4-default-jre-headless_2%3a1.21-75+exp1_arm64.deb ...
2026-09-28T16:56:04.0608803Z Unpacking default-jre-headless (2:1.21-75+exp1) ...
2026-09-28T16:56:04.0810986Z Selecting previously unselected package openjdk-21-jdk-headless:arm64.
2026-09-28T16:56:04.1057294Z Preparing to unpack .../5-openjdk-21-jdk-headless_21.0.12.1+1-1~24.04.4_arm64.deb ...
2026-09-28T16:56:04.1093865Z Unpacking openjdk-21-jdk-headless:arm64 (21.0.12.1+1-1~24.04.4) ...
2026-09-28T16:56:04.4936768Z Selecting previously unselected package default-jdk-headless.
2026-09-28T16:56:04.5142981Z Preparing to unpack .../6-default-jdk-headless_2%3a1.21-75+exp1_arm64.deb ...
2026-09-28T16:56:04.5151046Z Unpacking default-jdk-headless (2:1.21-75+exp1) ...
2026-09-28T16:56:04.5557613Z Setting up libpcsclite1:arm64 (2.0.3-1build1) ...
2026-09-28T16:56:04.5576860Z Setting up build-essential (12.10ubuntu1) ...
2026-09-28T16:56:04.5589102Z Setting up ca-certificates-java (20240118) ...
2026-09-28T16:56:04.8428346Z Adding debian:ACCVRAIZ1.pem
2026-09-28T16:56:04.8445051Z Adding debian:AC_RAIZ_FNMT-RCM.pem
2026-09-28T16:56:04.8652413Z Adding debian:AC_RAIZ_FNMT-RCM_SERVIDORES_SEGUROS.pem
2026-09-28T16:56:04.8668510Z Adding debian:ANF_Secure_Server_Root_CA.pem
2026-09-28T16:56:04.8683229Z Adding debian:Actalis_Authentication_Root_CA.pem
2026-09-28T16:56:04.8692544Z Adding debian:Amazon_Root_CA_1.pem
2026-09-28T16:56:04.8705935Z Adding debian:Amazon_Root_CA_2.pem
2026-09-28T16:56:04.8712475Z Adding debian:Amazon_Root_CA_3.pem
2026-09-28T16:56:04.8719620Z Adding debian:Amazon_Root_CA_4.pem
2026-09-28T16:56:04.8730748Z Adding debian:Atos_TrustedRoot_2011.pem
2026-09-28T16:56:04.8738939Z Adding debian:Atos_TrustedRoot_Root_CA_ECC_TLS_2021.pem
2026-09-28T16:56:04.8752419Z Adding debian:Atos_TrustedRoot_Root_CA_RSA_TLS_2021.pem
2026-09-28T16:56:04.8768008Z Adding debian:Autoridad_de_Certificacion_Firmaprofesional_CIF_A62634068.pem
2026-09-28T16:56:04.8781667Z Adding debian:BJCA_Global_Root_CA1.pem
2026-09-28T16:56:04.8789550Z Adding debian:BJCA_Global_Root_CA2.pem
2026-09-28T16:56:04.8837267Z Adding debian:Buypass_Class_2_Root_CA.pem
2026-09-28T16:56:04.8851257Z Adding debian:Buypass_Class_3_Root_CA.pem
2026-09-28T16:56:04.8865521Z Adding debian:CA_Disig_Root_R2.pem
2026-09-28T16:56:04.8878851Z Adding debian:CFCA_EV_ROOT.pem
2026-09-28T16:56:04.8886975Z Adding debian:COMODO_ECC_Certification_Authority.pem
2026-09-28T16:56:04.8900590Z Adding debian:COMODO_RSA_Certification_Authority.pem
2026-09-28T16:56:04.8907629Z Adding debian:Certainly_Root_E1.pem
2026-09-28T16:56:04.8928637Z Adding debian:Certainly_Root_R1.pem
2026-09-28T16:56:04.8941573Z Adding debian:Certigna_Root_CA.pem
2026-09-28T16:56:04.8949385Z Adding debian:Certum_EC-384_CA.pem
2026-09-28T16:56:04.8958897Z Adding debian:Certum_Trusted_Network_CA.pem
2026-09-28T16:56:04.8972560Z Adding debian:Certum_Trusted_Network_CA_2.pem
2026-09-28T16:56:04.8985815Z Adding debian:Certum_Trusted_Root_CA.pem
2026-09-28T16:56:04.8995156Z Adding debian:D-TRUST_BR_Root_CA_1_2020.pem
2026-09-28T16:56:04.9009842Z Adding debian:D-TRUST_BR_Root_CA_2_2023.pem
2026-09-28T16:56:04.9018631Z Adding debian:D-TRUST_EV_Root_CA_1_2020.pem
2026-09-28T16:56:04.9032764Z Adding debian:D-TRUST_EV_Root_CA_2_2023.pem
2026-09-28T16:56:04.9044790Z Adding debian:D-TRUST_Root_Class_3_CA_2_2009.pem
2026-09-28T16:56:04.9058202Z Adding debian:D-TRUST_Root_Class_3_CA_2_EV_2009.pem
2026-09-28T16:56:04.9066649Z Adding debian:DigiCert_Assured_ID_Root_G2.pem
2026-09-28T16:56:04.9074257Z Adding debian:DigiCert_Assured_ID_Root_G3.pem
2026-09-28T16:56:04.9084080Z Adding debian:DigiCert_Global_Root_G2.pem
2026-09-28T16:56:04.9090708Z Adding debian:DigiCert_Global_Root_G3.pem
2026-09-28T16:56:04.9097790Z Adding debian:DigiCert_TLS_ECC_P384_Root_G5.pem
2026-09-28T16:56:04.9110521Z Adding debian:DigiCert_TLS_RSA4096_Root_G5.pem
2026-09-28T16:56:04.9133994Z Adding debian:DigiCert_Trusted_Root_G4.pem
2026-09-28T16:56:04.9142738Z Adding debian:Entrust_Root_Certification_Authority.pem
2026-09-28T16:56:04.9155834Z Adding debian:GDCA_TrustAUTH_R5_ROOT.pem
2026-09-28T16:56:04.9167579Z Adding debian:GTS_Root_R1.pem
2026-09-28T16:56:04.9174685Z Adding debian:GTS_Root_R3.pem
2026-09-28T16:56:04.9180016Z Adding debian:GTS_Root_R4.pem
2026-09-28T16:56:04.9186053Z Adding debian:GlobalSign_ECC_Root_CA_-_R4.pem
2026-09-28T16:56:04.9192481Z Adding debian:GlobalSign_ECC_Root_CA_-_R5.pem
2026-09-28T16:56:04.9201742Z Adding debian:GlobalSign_Root_CA_-_R3.pem
2026-09-28T16:56:04.9213164Z Adding debian:GlobalSign_Root_CA_-_R6.pem
2026-09-28T16:56:04.9219557Z Adding debian:GlobalSign_Root_E46.pem
2026-09-28T16:56:04.9235043Z Adding debian:GlobalSign_Root_R46.pem
2026-09-28T16:56:04.9241433Z Adding debian:Go_Daddy_Root_Certificate_Authority_-_G2.pem
2026-09-28T16:56:04.9263948Z Adding debian:HARICA_TLS_ECC_Root_CA_2021.pem
2026-09-28T16:56:04.9264332Z Adding debian:HARICA_TLS_RSA_Root_CA_2021.pem
2026-09-28T16:56:04.9269208Z Adding debian:Hellenic_Academic_and_Research_Institutions_ECC_RootCA_2015.pem
2026-09-28T16:56:04.9291632Z Adding debian:Hellenic_Academic_and_Research_Institutions_RootCA_2015.pem
2026-09-28T16:56:04.9293833Z Adding debian:HiPKI_Root_CA_-_G1.pem
2026-09-28T16:56:04.9307692Z Adding debian:Hongkong_Post_Root_CA_3.pem
2026-09-28T16:56:04.9318431Z Adding debian:ISRG_Root_X1.pem
2026-09-28T16:56:04.9325531Z Adding debian:ISRG_Root_X2.pem
2026-09-28T16:56:04.9340249Z Adding debian:IdenTrust_Commercial_Root_CA_1.pem
2026-09-28T16:56:04.9350595Z Adding debian:IdenTrust_Public_Sector_Root_CA_1.pem
2026-09-28T16:56:04.9364365Z Adding debian:Izenpe.com.pem
2026-09-28T16:56:04.9373990Z Adding debian:Microsec_e-Szigno_Root_CA_2009.pem
2026-09-28T16:56:04.9381656Z Adding debian:Microsoft_ECC_Root_Certificate_Authority_2017.pem
2026-09-28T16:56:04.9393945Z Adding debian:Microsoft_RSA_Root_Certificate_Authority_2017.pem
2026-09-28T16:56:04.9407470Z Adding debian:NAVER_Global_Root_Certification_Authority.pem
2026-09-28T16:56:04.9425850Z Adding debian:NetLock_Arany_=Class_Gold=_Főtanúsítvány.pem
2026-09-28T16:56:04.9437733Z Adding debian:OISTE_Server_Root_ECC_G1.pem
2026-09-28T16:56:04.9445325Z Adding debian:OISTE_Server_Root_RSA_G1.pem
2026-09-28T16:56:04.9454793Z Adding debian:OISTE_WISeKey_Global_Root_GB_CA.pem
2026-09-28T16:56:04.9481702Z Adding debian:OISTE_WISeKey_Global_Root_GC_CA.pem
2026-09-28T16:56:04.9482279Z Adding debian:QuoVadis_Root_CA_1_G3.pem
2026-09-28T16:56:04.9485169Z Adding debian:QuoVadis_Root_CA_2_G3.pem
2026-09-28T16:56:04.9502059Z Adding debian:QuoVadis_Root_CA_3_G3.pem
2026-09-28T16:56:04.9504464Z Adding debian:SSL.com_EV_Root_Certification_Authority_ECC.pem
2026-09-28T16:56:04.9517769Z Adding debian:SSL.com_EV_Root_Certification_Authority_RSA_R2.pem
2026-09-28T16:56:04.9524987Z Adding debian:SSL.com_Root_Certification_Authority_ECC.pem
2026-09-28T16:56:04.9541731Z Adding debian:SSL.com_Root_Certification_Authority_RSA.pem
2026-09-28T16:56:04.9547228Z Adding debian:SSL.com_TLS_ECC_Root_CA_2022.pem
2026-09-28T16:56:04.9560549Z Adding debian:SSL.com_TLS_RSA_Root_CA_2022.pem
2026-09-28T16:56:04.9567769Z Adding debian:SZAFIR_ROOT_CA2.pem
2026-09-28T16:56:04.9575936Z Adding debian:Sectigo_Public_Server_Authentication_Root_E46.pem
2026-09-28T16:56:04.9588005Z Adding debian:Sectigo_Public_Server_Authentication_Root_R46.pem
2026-09-28T16:56:04.9598298Z Adding debian:SecureSign_Root_CA12.pem
2026-09-28T16:56:04.9607718Z Adding debian:SecureSign_Root_CA14.pem
2026-09-28T16:56:04.9613988Z Adding debian:SecureSign_Root_CA15.pem
2026-09-28T16:56:04.9620506Z Adding debian:Security_Communication_ECC_RootCA1.pem
2026-09-28T16:56:04.9629596Z Adding debian:Security_Communication_RootCA2.pem
2026-09-28T16:56:04.9638878Z Adding debian:Starfield_Root_Certificate_Authority_-_G2.pem
2026-09-28T16:56:04.9649855Z Adding debian:Starfield_Services_Root_Certificate_Authority_-_G2.pem
2026-09-28T16:56:04.9660396Z Adding debian:SwissSign_RSA_TLS_Root_CA_2022_-_1.pem
2026-09-28T16:56:04.9668616Z Adding debian:T-TeleSec_GlobalRoot_Class_2.pem
2026-09-28T16:56:04.9679734Z Adding debian:T-TeleSec_GlobalRoot_Class_3.pem
2026-09-28T16:56:04.9688627Z Adding debian:TUBITAK_Kamu_SM_SSL_Kok_Sertifikasi_-_Surum_1.pem
2026-09-28T16:56:04.9700389Z Adding debian:TWCA_CYBER_Root_CA.pem
2026-09-28T16:56:04.9711730Z Adding debian:TWCA_Global_Root_CA.pem
2026-09-28T16:56:04.9720218Z Adding debian:TWCA_Root_Certification_Authority.pem
2026-09-28T16:56:04.9726962Z Adding debian:Telekom_Security_TLS_ECC_Root_2020.pem
2026-09-28T16:56:04.9743312Z Adding debian:Telekom_Security_TLS_RSA_Root_2023.pem
2026-09-28T16:56:04.9751085Z Adding debian:Telia_Root_CA_v2.pem
2026-09-28T16:56:04.9768458Z Adding debian:TrustAsia_Global_Root_CA_G3.pem
2026-09-28T16:56:04.9769003Z Adding debian:TrustAsia_Global_Root_CA_G4.pem
2026-09-28T16:56:04.9786297Z Adding debian:TrustAsia_TLS_ECC_Root_CA.pem
2026-09-28T16:56:04.9787359Z Adding debian:TrustAsia_TLS_RSA_Root_CA.pem
2026-09-28T16:56:04.9798629Z Adding debian:TunTrust_Root_CA.pem
2026-09-28T16:56:04.9815386Z Adding debian:UCA_Extended_Validation_Root.pem
2026-09-28T16:56:04.9821366Z Adding debian:UCA_Global_G2_Root.pem
2026-09-28T16:56:04.9827536Z Adding debian:USERTrust_ECC_Certification_Authority.pem
2026-09-28T16:56:04.9846037Z Adding debian:USERTrust_RSA_Certification_Authority.pem
2026-09-28T16:56:04.9850908Z Adding debian:certSIGN_Root_CA_G2.pem
2026-09-28T16:56:04.9858705Z Adding debian:e-Szigno_Root_CA_2017.pem
2026-09-28T16:56:04.9866487Z Adding debian:e-Szigno_TLS_Root_CA_2023.pem
2026-09-28T16:56:04.9878628Z Adding debian:ePKI_Root_Certification_Authority.pem
2026-09-28T16:56:04.9884503Z Adding debian:emSign_ECC_Root_CA_-_C3.pem
2026-09-28T16:56:04.9891489Z Adding debian:emSign_ECC_Root_CA_-_G3.pem
2026-09-28T16:56:04.9899522Z Adding debian:emSign_Root_CA_-_C1.pem
2026-09-28T16:56:04.9907359Z Adding debian:emSign_Root_CA_-_G1.pem
2026-09-28T16:56:04.9912291Z Adding debian:vTrus_ECC_Root_CA.pem
2026-09-28T16:56:04.9922894Z Adding debian:vTrus_Root_CA.pem
2026-09-28T16:56:05.0239380Z done.
2026-09-28T16:56:05.0266279Z Setting up openjdk-21-jre-headless:arm64 (21.0.12.1+1-1~24.04.4) ...
2026-09-28T16:56:05.0709290Z Processing triggers for libc-bin (2.39-0ubuntu8.9) ...
2026-09-28T16:56:05.0945172Z Processing triggers for ca-certificates-java (20240118) ...
2026-09-28T16:56:05.1232417Z done.
2026-09-28T16:56:05.1263388Z Setting up openjdk-21-jdk-headless:arm64 (21.0.12.1+1-1~24.04.4) ...
2026-09-28T16:56:05.2229967Z Setting up default-jre-headless (2:1.21-75+exp1) ...
2026-09-28T16:56:05.2251176Z Setting up default-jdk-headless (2:1.21-75+exp1) ...
2026-09-28T16:56:07.3747761Z 
2026-09-28T16:56:07.3748606Z Running kernel seems to be up-to-date.
2026-09-28T16:56:07.3748866Z 
2026-09-28T16:56:07.3748961Z No services need to be restarted.
2026-09-28T16:56:07.3749130Z 
2026-09-28T16:56:07.3749662Z No containers need to be restarted.
2026-09-28T16:56:07.3749867Z 
2026-09-28T16:56:07.3749996Z No user sessions are running outdated binaries.
2026-09-28T16:56:07.3750203Z 
2026-09-28T16:56:07.3751410Z No VM guests are running outdated hypervisor (qemu) binaries on this host.
2026-09-28T16:56:08.6836639Z ##[group]Run python3 tools/android/build_proot.py --target linux-arm64 --output out/android/native --talloc-archive out/android/source-cache/talloc-2.4.3.tar.gz
2026-09-28T16:56:08.6837731Z [36;1mpython3 tools/android/build_proot.py --target linux-arm64 --output out/android/native --talloc-archive out/android/source-cache/talloc-2.4.3.tar.gz[0m
2026-09-28T16:56:08.6873696Z shell: /usr/bin/bash -e {0}
2026-09-28T16:56:08.6873931Z ##[endgroup]
2026-09-28T16:56:08.7444874Z hint: Using 'master' as the name for the initial branch. This default branch name
2026-09-28T16:56:08.7445430Z hint: will change to "main" in Git 3.0. To configure the initial branch name
2026-09-28T16:56:08.7445906Z hint: to use in all of your new repositories, which will suppress this warning,
2026-09-28T16:56:08.7446255Z hint: call:
2026-09-28T16:56:08.7446419Z hint:
2026-09-28T16:56:08.7446647Z hint: 	git config --global init.defaultBranch <name>
2026-09-28T16:56:08.7446935Z hint:
2026-09-28T16:56:08.7447274Z hint: Names commonly chosen instead of 'master' are 'main', 'trunk' and
2026-09-28T16:56:08.7447734Z hint: 'development'. The just-created branch can be renamed via this command:
2026-09-28T16:56:08.7448085Z hint:
2026-09-28T16:56:08.7448255Z hint: 	git branch -m <name>
2026-09-28T16:56:08.7448808Z hint:
2026-09-28T16:56:08.7449103Z hint: Disable this message with "git config set advice.defaultBranchName false"
2026-09-28T16:56:08.7449777Z Initialized empty Git repository in /home/runner/work/coh-android/coh-android/out/android/proot-build-linux-arm64/proot-git/.git/
2026-09-28T16:56:09.1803101Z From https://github.com/termux/proot
2026-09-28T16:56:09.1803502Z  * branch            7266fb3e8516535682f5a9c8f3a7e70f6506eddb -> FETCH_HEAD
2026-09-28T16:56:09.3585148Z hint: Using 'master' as the name for the initial branch. This default branch name
2026-09-28T16:56:09.3585680Z hint: will change to "main" in Git 3.0. To configure the initial branch name
2026-09-28T16:56:09.3586224Z hint: to use in all of your new repositories, which will suppress this warning,
2026-09-28T16:56:09.3586607Z hint: call:
2026-09-28T16:56:09.3586767Z hint:
2026-09-28T16:56:09.3586989Z hint: 	git config --global init.defaultBranch <name>
2026-09-28T16:56:09.3587262Z hint:
2026-09-28T16:56:09.3587525Z hint: Names commonly chosen instead of 'master' are 'main', 'trunk' and
2026-09-28T16:56:09.3588011Z hint: 'development'. The just-created branch can be renamed via this command:
2026-09-28T16:56:09.3588361Z hint:
2026-09-28T16:56:09.3588533Z hint: 	git branch -m <name>
2026-09-28T16:56:09.3588736Z hint:
2026-09-28T16:56:09.3589026Z hint: Disable this message with "git config set advice.defaultBranchName false"
2026-09-28T16:56:09.3589697Z Initialized empty Git repository in /home/runner/work/coh-android/coh-android/out/android/proot-build-linux-arm64/proot/.git/
2026-09-28T16:56:09.6563358Z Setting top to                           : /home/runner/work/coh-android/coh-android/out/android/proot-build-linux-arm64/talloc-2.4.3 
2026-09-28T16:56:09.6564218Z Setting out to                           : /home/runner/work/coh-android/coh-android/out/android/proot-build-linux-arm64/talloc-2.4.3/bin 
2026-09-28T16:56:09.7097757Z Checking for 'gcc' (C compiler)          : /usr/bin/cc 
2026-09-28T16:56:09.7109863Z Checking for program 'git'               : /usr/bin/git 
2026-09-28T16:56:09.7519864Z Checking for c flags '-MMD'              : yes 
2026-09-28T16:56:09.7523815Z Checking for program 'gdb'               : not found 
2026-09-28T16:56:09.7731371Z Checking for header sys/utsname.h        : yes 
2026-09-28T16:56:09.8197824Z Checking uname sysname type              : Linux 
2026-09-28T16:56:09.8547062Z Checking uname machine type              : aarch64 
2026-09-28T16:56:09.8882569Z Checking uname release type              : 6.17.0-1022-azure 
2026-09-28T16:56:09.9214951Z Checking uname version type              : #22-Ubuntu SMP Mon Jul 27 17:12:01 UTC 2026 
2026-09-28T16:56:09.9462088Z Checking for header stdio.h              : yes 
2026-09-28T16:56:09.9831684Z Checking simple C program                : ok 
2026-09-28T16:56:09.9989342Z Checking compiler accepts ['-Werror']    : yes 
2026-09-28T16:56:10.0284878Z Checking linker accepts ['-Wl,-rpath,.'] : yes 
2026-09-28T16:56:10.0843776Z Checking for rpath library support       : yes 
2026-09-28T16:56:10.1400937Z Checking for -Wl,--version-script support : yes 
2026-09-28T16:56:10.1555583Z Checking compiler accepts ['-fvisibility=hidden'] : yes 
2026-09-28T16:56:10.1872669Z Checking for HAVE_VISIBILITY_ATTR                 : ok 
2026-09-28T16:56:10.2193532Z Checking for library constructor support          : ok 
2026-09-28T16:56:10.2497683Z Checking for library destructor support           : ok 
2026-09-28T16:56:10.2802153Z Checking for __attribute__                        : ok 
2026-09-28T16:56:10.2963624Z Checking compiler accepts ['-fPIC']               : yes 
2026-09-28T16:56:10.3083073Z Checking for inline                               : inline 
2026-09-28T16:56:10.3084204Z Checking for program 'pkg-config'                 : /usr/bin/pkg-config 
2026-09-28T16:56:10.3110142Z Checking for pkg-config version >= '0.0.0'        : yes 
2026-09-28T16:56:10.3269274Z Checking compiler accepts ['-D__STDC_WANT_LIB_EXT1__=1'] : yes 
2026-09-28T16:56:10.3393029Z Checking compiler accepts ['']                           : yes 
2026-09-28T16:56:10.3645208Z Checking for header sys/types.h                          : yes 
2026-09-28T16:56:10.3920599Z Checking for header sys/stat.h                           : yes 
2026-09-28T16:56:10.4188365Z Checking for header stdlib.h                             : yes 
2026-09-28T16:56:10.4435549Z Checking for header stddef.h                             : yes 
2026-09-28T16:56:10.4713191Z Checking for header memory.h                             : yes 
2026-09-28T16:56:10.4975410Z Checking for header string.h                             : yes 
2026-09-28T16:56:10.5240996Z Checking for header strings.h                            : yes 
2026-09-28T16:56:10.5518860Z Checking for header inttypes.h                           : yes 
2026-09-28T16:56:10.5786676Z Checking for header stdint.h                             : yes 
2026-09-28T16:56:10.6118452Z Checking for header unistd.h                             : yes 
2026-09-28T16:56:10.6371209Z Checking for header minix/config.h                       : no 
2026-09-28T16:56:10.6682067Z Checking for header ctype.h                              : yes 
2026-09-28T16:56:10.6938258Z Checking for header standards.h                          : no 
2026-09-28T16:56:10.7246525Z Checking for header stdbool.h                            : yes 
2026-09-28T16:56:10.7555772Z Checking for header stdarg.h                             : yes 
2026-09-28T16:56:10.7813130Z Checking for header vararg.h                             : no 
2026-09-28T16:56:10.8148299Z Checking for header limits.h                             : yes 
2026-09-28T16:56:10.8459287Z Checking for header assert.h                             : yes 
2026-09-28T16:56:10.8474748Z Checking getconf LFS_CFLAGS                              : not found 
2026-09-28T16:56:10.8948050Z Checking getconf large file support flags work           : ok 
2026-09-28T16:56:10.9416438Z Checking for large file support without additional flags : ok 
2026-09-28T16:56:10.9725069Z Checking for header sys/time.h                           : yes 
2026-09-28T16:56:11.0049537Z Checking for header time.h                               : yes 
2026-09-28T16:56:11.0350461Z Checking for header endian.h                             : yes 
2026-09-28T16:56:11.0608518Z Checking for header sys/endian.h                         : no 
2026-09-28T16:56:11.1063656Z Checking for HAVE_LITTLE_ENDIAN                          : ok 
2026-09-28T16:56:11.1325724Z Checking for HAVE_BIG_ENDIAN                             : not found 
2026-09-28T16:56:11.1716387Z Checking for header signal.h                             : yes 
2026-09-28T16:56:11.2009140Z Checking if signal handlers return int                   : not found 
2026-09-28T16:56:11.2326878Z Checking for variable __FUNCTION__                       : ok 
2026-09-28T16:56:11.2792616Z Checking for va_copy                                     : ok 
2026-09-28T16:56:11.3105782Z Checking for header linux/types.h                        : yes 
2026-09-28T16:56:11.3417179Z Checking for header crypt.h                              : yes 
2026-09-28T16:56:11.3728693Z Checking for header locale.h                             : yes 
2026-09-28T16:56:11.3982954Z Checking for header acl/libacl.h                         : no 
2026-09-28T16:56:11.4231245Z Checking for header compat.h                             : no 
2026-09-28T16:56:11.4483101Z Checking for header attr/xattr.h                         : no 
2026-09-28T16:56:11.4734777Z Checking for header dustat.h                             : no 
2026-09-28T16:56:11.5069121Z Checking for header fcntl.h                              : yes 
2026-09-28T16:56:11.5378719Z Checking for header fnmatch.h                            : yes 
2026-09-28T16:56:11.5693119Z Checking for header glob.h                               : yes 
2026-09-28T16:56:11.5941767Z Checking for header history.h                            : no 
2026-09-28T16:56:11.6195937Z Checking for header krb5.h                               : no 
2026-09-28T16:56:11.6514597Z Checking for header langinfo.h                           : yes 
2026-09-28T16:56:11.6766157Z Checking for header ndir.h                               : no 
2026-09-28T16:56:11.7079292Z Checking for header pwd.h                                : yes 
2026-09-28T16:56:11.7402519Z Checking for header shadow.h                             : yes 
2026-09-28T16:56:11.7656319Z Checking for header sys/acl.h                            : no 
2026-09-28T16:56:11.7914755Z Checking for header sys/attributes.h                     : no 
2026-09-28T16:56:11.8171367Z Checking for header attr/attributes.h                    : no 
2026-09-28T16:56:11.8424542Z Checking for header sys/capability.h                     : no 
2026-09-28T16:56:11.8752968Z Checking for header sys/dir.h                            : yes 
2026-09-28T16:56:11.9067347Z Checking for header sys/epoll.h                          : yes 
2026-09-28T16:56:11.9387815Z Checking for header sys/fcntl.h                          : yes 
2026-09-28T16:56:11.9640242Z Checking for header sys/filio.h                          : no 
2026-09-28T16:56:11.9891777Z Checking for header sys/filsys.h                         : no 
2026-09-28T16:56:12.0141610Z Checking for header sys/fs/s5param.h                     : no 
2026-09-28T16:56:12.0398778Z Checking for header sys/id.h                             : no 
2026-09-28T16:56:12.0725102Z Checking for header sys/ioctl.h                          : yes 
2026-09-28T16:56:12.1037942Z Checking for header sys/ipc.h                            : yes 
2026-09-28T16:56:12.1359080Z Checking for header sys/mman.h                           : yes 
2026-09-28T16:56:12.1616842Z Checking for header sys/mode.h                           : no 
2026-09-28T16:56:12.1868223Z Checking for header sys/ndir.h                           : no 
2026-09-28T16:56:12.2118361Z Checking for header sys/priv.h                           : no 
2026-09-28T16:56:12.2436847Z Checking for header sys/resource.h                       : yes 
2026-09-28T16:56:12.2686095Z Checking for header sys/security.h                       : no 
2026-09-28T16:56:12.3007039Z Checking for header sys/shm.h                            : yes 
2026-09-28T16:56:12.3326706Z Checking for header sys/statfs.h                         : yes 
2026-09-28T16:56:12.3637643Z Checking for header sys/statvfs.h                        : yes 
2026-09-28T16:56:12.3884191Z Checking for header sys/termio.h                         : no 
2026-09-28T16:56:12.4195345Z Checking for header sys/vfs.h                            : yes 
2026-09-28T16:56:12.4499825Z Checking for header sys/xattr.h                          : yes 
2026-09-28T16:56:12.4834998Z Checking for header termio.h                             : yes 
2026-09-28T16:56:12.5145096Z Checking for header termios.h                            : yes 
2026-09-28T16:56:12.5464801Z Checking for header sys/file.h                           : yes 
2026-09-28T16:56:12.5772730Z Checking for header sys/ucontext.h                       : yes 
2026-09-28T16:56:12.6108669Z Checking for header sys/wait.h                           : yes 
2026-09-28T16:56:12.6423009Z Checking for declaration of malloc                       : ok 
2026-09-28T16:56:12.6736573Z Checking for header grp.h                                : yes 
2026-09-28T16:56:12.7042914Z Checking for header sys/select.h                         : yes 
2026-09-28T16:56:12.7364008Z Checking for header setjmp.h                             : yes 
2026-09-28T16:56:12.7674367Z Checking for header utime.h                              : yes 
2026-09-28T16:56:12.7988561Z Checking for header sys/syslog.h                         : yes 
2026-09-28T16:56:12.8298059Z Checking for header syslog.h                             : yes 
2026-09-28T16:56:12.8633668Z Checking for header sys/mount.h                          : yes 
2026-09-28T16:56:12.8947340Z Checking for header mntent.h                             : yes 
2026-09-28T16:56:12.9199115Z Checking for header stropts.h                            : no 
2026-09-28T16:56:12.9452661Z Checking for header unix.h                               : no 
2026-09-28T16:56:12.9799250Z Checking for header sys/param.h                          : yes 
2026-09-28T16:56:13.0142275Z Checking for header sys/socket.h                         : yes 
2026-09-28T16:56:13.0471273Z Checking for header netinet/in.h                         : yes 
2026-09-28T16:56:13.0811646Z Checking for header netdb.h                              : yes 
2026-09-28T16:56:13.1152551Z Checking for header arpa/inet.h                          : yes 
2026-09-28T16:56:13.1496180Z Checking for header netinet/in_systm.h                   : yes 
2026-09-28T16:56:13.1828611Z Checking for header netinet/ip.h                         : yes 
2026-09-28T16:56:13.2165626Z Checking for header netinet/tcp.h                        : yes 
2026-09-28T16:56:13.2447057Z Checking for header netinet/in_ip.h                      : no 
2026-09-28T16:56:13.2726912Z Checking for header sys/sockio.h                         : no 
2026-09-28T16:56:13.3069754Z Checking for header sys/un.h                             : yes 
2026-09-28T16:56:13.3382701Z Checking for header sys/uio.h                            : yes 
2026-09-28T16:56:13.3701213Z Checking for header ifaddrs.h                            : yes 
2026-09-28T16:56:13.4019601Z Checking for header direct.h                             : no 
2026-09-28T16:56:13.4327713Z Checking for header dirent.h                             : yes 
2026-09-28T16:56:13.4575547Z Checking for header windows.h                            : no 
2026-09-28T16:56:13.4826032Z Checking for header winsock2.h                           : no 
2026-09-28T16:56:13.5079131Z Checking for header ws2tcpip.h                           : no 
2026-09-28T16:56:13.5405048Z Checking for header errno.h                              : yes 
2026-09-28T16:56:13.5715932Z Checking for header getopt.h                             : yes 
2026-09-28T16:56:13.6023706Z Checking for header iconv.h                              : yes 
2026-09-28T16:56:13.6335959Z Checking for header nss.h                                : yes 
2026-09-28T16:56:13.6586451Z Checking for header sasl/sasl.h                          : no 
2026-09-28T16:56:13.6897996Z Checking for header linux/openat2.h                      : yes 
2026-09-28T16:56:13.7533257Z Checking for inotify_init                                : ok 
2026-09-28T16:56:13.7788319Z Checking for header security/pam_appl.h                  : no 
2026-09-28T16:56:13.8119735Z Checking for header zlib.h                               : yes 
2026-09-28T16:56:13.8437908Z Checking for header asm/unistd.h                         : yes 
2026-09-28T16:56:13.8745530Z Checking for header sys/unistd.h                         : yes 
2026-09-28T16:56:13.9049696Z Checking for header alloca.h                             : yes 
2026-09-28T16:56:13.9363718Z Checking for header float.h                              : yes 
2026-09-28T16:56:13.9612838Z Checking for header rpc/rpc.h                            : no 
2026-09-28T16:56:13.9860357Z Checking for header rpc/nettype.h                        : no 
2026-09-28T16:56:14.0117855Z Checking for tirpc rpc headers in default system path    : not found 
2026-09-28T16:56:14.0231374Z Checking for libtirpc headers                            : not found 
2026-09-28T16:56:14.0257132Z Checking for libntirpc headers                           : not found 
2026-09-28T16:56:14.0258067Z No rpc/rpc.h header found, tirpc or libntirpc missing?
2026-09-28T16:56:14.0516566Z Checking for header sys/sysctl.h                         : not found 
2026-09-28T16:56:14.0764264Z Checking for header sys/fileio.h                         : no 
2026-09-28T16:56:14.1014921Z Checking for header sys/filesys.h                        : no 
2026-09-28T16:56:14.1259430Z Checking for header sys/dustat.h                         : no 
2026-09-28T16:56:14.1569997Z Checking for header sys/sysmacros.h                      : yes 
2026-09-28T16:56:14.1821787Z Checking for header xfs/libxfs.h                         : no 
2026-09-28T16:56:14.2072621Z Checking for header netgroup.h                           : no 
2026-09-28T16:56:14.2318087Z Checking for header valgrind.h                           : no 
2026-09-28T16:56:14.2573990Z Checking for header valgrind/valgrind.h                  : no 
2026-09-28T16:56:14.2821881Z Checking for header valgrind/memcheck.h                  : no 
2026-09-28T16:56:14.3075495Z Checking for header valgrind/helgrind.h                  : no 
2026-09-28T16:56:14.3329882Z Checking for header valgrind/callgrind.h                 : no 
2026-09-28T16:56:14.3585288Z Checking for header nss_common.h                         : no 
2026-09-28T16:56:14.3840942Z Checking for header nsswitch.h                           : no 
2026-09-28T16:56:14.4095669Z Checking for header ns_api.h                             : no 
2026-09-28T16:56:14.4351646Z Checking for header sys/extattr.h                        : no 
2026-09-28T16:56:14.4604326Z Checking for header sys/ea.h                             : no 
2026-09-28T16:56:14.4855990Z Checking for header sys/proplist.h                       : no 
2026-09-28T16:56:14.5161217Z Checking for header sys/cdefs.h                          : yes 
2026-09-28T16:56:14.5491763Z Checking for header utmp.h                               : yes 
2026-09-28T16:56:14.5805208Z Checking for header utmpx.h                              : yes 
2026-09-28T16:56:14.6123714Z Checking for header lastlog.h                            : yes 
2026-09-28T16:56:14.6454886Z Checking for header syscall.h                            : yes 
2026-09-28T16:56:14.6775042Z Checking for header sys/syscall.h                        : yes 
2026-09-28T16:56:14.7029482Z Checking for header sys/atomic.h                         : no 
2026-09-28T16:56:14.7344931Z Checking for header stdatomic.h                          : yes 
2026-09-28T16:56:14.7653058Z Checking for header libgen.h                             : yes 
2026-09-28T16:56:14.7814234Z Checking compiler accepts -Wno-format-truncation         : yes 
2026-09-28T16:56:14.7974619Z Checking compiler accepts -Wno-unused-function           : yes 
2026-09-28T16:56:14.8134780Z Checking compiler accepts -Wno-strict-overflow           : yes 
2026-09-28T16:56:14.8304450Z Checking compiler accepts -Wno-unused-but-set-variable   : yes 
2026-09-28T16:56:14.8463797Z Checking compiler accepts -Wuse-after-free=1             : yes 
2026-09-28T16:56:14.8785721Z Checking for header sys/prctl.h                          : yes 
2026-09-28T16:56:14.9249821Z Checking for prctl syscall                               : ok 
2026-09-28T16:56:14.9734590Z Checking for O_DIRECT flag to open(2)                    : ok 
2026-09-28T16:56:15.0051044Z Checking for long long                                   : ok 
2026-09-28T16:56:15.0360876Z Checking for intptr_t                                    : ok 
2026-09-28T16:56:15.0678373Z Checking for uintptr_t                                   : ok 
2026-09-28T16:56:15.0991461Z Checking for ptrdiff_t                                   : ok 
2026-09-28T16:56:15.1300925Z Checking for comparison_fn_t                             : ok 
2026-09-28T16:56:15.1606179Z Checking for bool                                        : ok 
2026-09-28T16:56:15.1913475Z Checking for int8_t                                      : ok 
2026-09-28T16:56:15.2220848Z Checking for uint8_t                                     : ok 
2026-09-28T16:56:15.2532655Z Checking for int16_t                                     : ok 
2026-09-28T16:56:15.2841664Z Checking for uint16_t                                    : ok 
2026-09-28T16:56:15.3154289Z Checking for int32_t                                     : ok 
2026-09-28T16:56:15.3464512Z Checking for uint32_t                                    : ok 
2026-09-28T16:56:15.3772333Z Checking for int64_t                                     : ok 
2026-09-28T16:56:15.4085223Z Checking for uint64_t                                    : ok 
2026-09-28T16:56:15.4397075Z Checking for size_t                                      : ok 
2026-09-28T16:56:15.4711536Z Checking for ssize_t                                     : ok 
2026-09-28T16:56:15.5020310Z Checking for ino_t                                       : ok 
2026-09-28T16:56:15.5332393Z Checking for loff_t                                      : ok 
2026-09-28T16:56:15.5599565Z Checking for offset_t                                    : not found 
2026-09-28T16:56:15.5918978Z Checking for volatile int                                : ok 
2026-09-28T16:56:15.6187574Z Checking for uint_t                                      : not found 
2026-09-28T16:56:15.6503413Z Checking for blksize_t                                   : ok 
2026-09-28T16:56:15.6822571Z Checking for blkcnt_t                                    : ok 
2026-09-28T16:56:15.7281457Z Checking if size of bool == 1                            : ok 
2026-09-28T16:56:15.7733187Z Checking if size of char == 1                            : ok 
2026-09-28T16:56:15.7999375Z Checking if size of int == 1                             : not found 
2026-09-28T16:56:15.8269258Z Checking if size of int == 2                             : not found 
2026-09-28T16:56:15.8711037Z Checking if size of int == 4                             : ok 
2026-09-28T16:56:15.8972024Z Checking if size of long long == 1                       : not found 
2026-09-28T16:56:15.9237610Z Checking if size of long long == 2                       : not found 
2026-09-28T16:56:15.9498994Z Checking if size of long long == 4                       : not found 
2026-09-28T16:56:15.9952125Z Checking if size of long long == 8                       : ok 
2026-09-28T16:56:16.0217645Z Checking if size of long == 1                            : not found 
2026-09-28T16:56:16.0483391Z Checking if size of long == 2                            : not found 
2026-09-28T16:56:16.0741766Z Checking if size of long == 4                            : not found 
2026-09-28T16:56:16.1189282Z Checking if size of long == 8                            : ok 
2026-09-28T16:56:16.1452879Z Checking if size of short == 1                           : not found 
2026-09-28T16:56:16.1893496Z Checking if size of short == 2                           : ok 
2026-09-28T16:56:16.2157729Z Checking if size of size_t == 1                          : not found 
2026-09-28T16:56:16.2416787Z Checking if size of size_t == 2                          : not found 
2026-09-28T16:56:16.2675419Z Checking if size of size_t == 4                          : not found 
2026-09-28T16:56:16.3129808Z Checking if size of size_t == 8                          : ok 
2026-09-28T16:56:16.3398937Z Checking if size of ssize_t == 1                         : not found 
2026-09-28T16:56:16.3660187Z Checking if size of ssize_t == 2                         : not found 
2026-09-28T16:56:16.3924345Z Checking if size of ssize_t == 4                         : not found 
2026-09-28T16:56:16.4381030Z Checking if size of ssize_t == 8                         : ok 
2026-09-28T16:56:16.4837880Z Checking if size of int8_t == 1                          : ok 
2026-09-28T16:56:16.5295886Z Checking if size of uint8_t == 1                         : ok 
2026-09-28T16:56:16.5563418Z Checking if size of int16_t == 1                         : not found 
2026-09-28T16:56:16.6020318Z Checking if size of int16_t == 2                         : ok 
2026-09-28T16:56:16.6287591Z Checking if size of uint16_t == 1                        : not found 
2026-09-28T16:56:16.6740481Z Checking if size of uint16_t == 2                        : ok 
2026-09-28T16:56:16.7006151Z Checking if size of int32_t == 1                         : not found 
2026-09-28T16:56:16.7275790Z Checking if size of int32_t == 2                         : not found 
2026-09-28T16:56:16.7732383Z Checking if size of int32_t == 4                         : ok 
2026-09-28T16:56:16.8035546Z Checking if size of uint32_t == 1                        : not found 
2026-09-28T16:56:16.8299891Z Checking if size of uint32_t == 2                        : not found 
2026-09-28T16:56:16.8758473Z Checking if size of uint32_t == 4                        : ok 
2026-09-28T16:56:16.9021106Z Checking if size of int64_t == 1                         : not found 
2026-09-28T16:56:16.9281550Z Checking if size of int64_t == 2                         : not found 
2026-09-28T16:56:16.9542792Z Checking if size of int64_t == 4                         : not found 
2026-09-28T16:56:16.9985567Z Checking if size of int64_t == 8                         : ok 
2026-09-28T16:56:17.0251286Z Checking if size of uint64_t == 1                        : not found 
2026-09-28T16:56:17.0508818Z Checking if size of uint64_t == 2                        : not found 
2026-09-28T16:56:17.0766562Z Checking if size of uint64_t == 4                        : not found 
2026-09-28T16:56:17.1207984Z Checking if size of uint64_t == 8                        : ok 
2026-09-28T16:56:17.1473756Z Checking if size of void* == 1                           : not found 
2026-09-28T16:56:17.1732277Z Checking if size of void* == 2                           : not found 
2026-09-28T16:56:17.1996617Z Checking if size of void* == 4                           : not found 
2026-09-28T16:56:17.2442872Z Checking if size of void* == 8                           : ok 
2026-09-28T16:56:17.2703441Z Checking if size of off_t == 1                           : not found 
2026-09-28T16:56:17.2960494Z Checking if size of off_t == 2                           : not found 
2026-09-28T16:56:17.3216600Z Checking if size of off_t == 4                           : not found 
2026-09-28T16:56:17.3657255Z Checking if size of off_t == 8                           : ok 
2026-09-28T16:56:17.3913254Z Checking if size of dev_t == 1                           : not found 
2026-09-28T16:56:17.4178081Z Checking if size of dev_t == 2                           : not found 
2026-09-28T16:56:17.4439728Z Checking if size of dev_t == 4                           : not found 
2026-09-28T16:56:17.4889814Z Checking if size of dev_t == 8                           : ok 
2026-09-28T16:56:17.5154065Z Checking if size of ino_t == 1                           : not found 
2026-09-28T16:56:17.5415409Z Checking if size of ino_t == 2                           : not found 
2026-09-28T16:56:17.5675808Z Checking if size of ino_t == 4                           : not found 
2026-09-28T16:56:17.6131754Z Checking if size of ino_t == 8                           : ok 
2026-09-28T16:56:17.6398055Z Checking if size of time_t == 1                          : not found 
2026-09-28T16:56:17.6661313Z Checking if size of time_t == 2                          : not found 
2026-09-28T16:56:17.6924583Z Checking if size of time_t == 4                          : not found 
2026-09-28T16:56:17.7380628Z Checking if size of time_t == 8                          : ok 
2026-09-28T16:56:17.7714636Z Checking for socklen_t                                   : ok 
2026-09-28T16:56:17.8053652Z Checking for struct ifaddrs                              : ok 
2026-09-28T16:56:17.8396485Z Checking for struct addrinfo                             : ok 
2026-09-28T16:56:17.8723619Z Checking for struct sockaddr                             : ok 
2026-09-28T16:56:17.9202739Z Checking for HAVE_STRUCT_SOCKADDR_IN6                    : ok 
2026-09-28T16:56:17.9530980Z Checking for struct sockaddr_storage                     : ok 
2026-09-28T16:56:17.9860145Z Checking for sa_family_t                                 : ok 
2026-09-28T16:56:18.0198840Z Checking for sig_atomic_t                                : ok 
2026-09-28T16:56:18.0521821Z Checking for sigsetmask                                  : ok 
2026-09-28T16:56:18.0853163Z Checking for siggetmask                                  : ok 
2026-09-28T16:56:18.1172882Z Checking for sigprocmask                                 : ok 
2026-09-28T16:56:18.1501745Z Checking for sigblock                                    : ok 
2026-09-28T16:56:18.1818303Z Checking for sigaction                                   : ok 
2026-09-28T16:56:18.2139053Z Checking for sigset                                      : ok 
2026-09-28T16:56:18.2462877Z Checking for inet_ntoa                                   : ok 
2026-09-28T16:56:18.2788391Z Checking for inet_aton                                   : ok 
2026-09-28T16:56:18.3110777Z Checking for inet_ntop                                   : ok 
2026-09-28T16:56:18.3426894Z Checking for inet_pton                                   : ok 
2026-09-28T16:56:18.3745843Z Checking for connect                                     : ok 
2026-09-28T16:56:18.4072165Z Checking for gethostbyname                               : ok 
2026-09-28T16:56:18.4394203Z Checking for getaddrinfo                                 : ok 
2026-09-28T16:56:18.4731270Z Checking for getnameinfo                                 : ok 
2026-09-28T16:56:18.5057488Z Checking for freeaddrinfo                                : ok 
2026-09-28T16:56:18.5386266Z Checking for gai_strerror                                : ok 
2026-09-28T16:56:18.5712611Z Checking for socketpair                                  : ok 
2026-09-28T16:56:18.6326385Z Checking for memset_s                                    : not found 
2026-09-28T16:56:18.6939685Z Checking for memset_explicit                             : not found 
2026-09-28T16:56:18.7426318Z Checking for volatile memory protection                  : ok 
2026-09-28T16:56:18.7776473Z Checking for variable IPV6_V6ONLY                        : ok 
2026-09-28T16:56:18.8114010Z Checking for header net/if.h                             : yes 
2026-09-28T16:56:18.8629369Z Checking for HAVE_IPV6                                   : ok 
2026-09-28T16:56:18.9111054Z Checking whether we have ucontext_t                      : ok 
2026-09-28T16:56:18.9590129Z Checking for __sync_fetch_and_add compiler builtin       : ok 
2026-09-28T16:56:19.0060559Z Checking for __sync_add_and_fetch compiler builtin       : ok 
2026-09-28T16:56:19.0548825Z Checking for atomic_add_32 compiler builtin              : not found 
2026-09-28T16:56:19.1019701Z Checking for __atomic_add_fetch compiler builtin         : ok 
2026-09-28T16:56:19.1483730Z Checking for __atomic_load compiler builtin              : ok 
2026-09-28T16:56:19.1947804Z Checking for atomic_thread_fence(memory_order_seq_cst) in stdatomic.h : ok 
2026-09-28T16:56:19.2397989Z Checking for fallthrough attribute                                    : ok 
2026-09-28T16:56:19.2713581Z Checking for strdup                                                   : ok 
2026-09-28T16:56:19.3040074Z Checking for memmem                                                   : ok 
2026-09-28T16:56:19.3349460Z Checking for printf                                                   : ok 
2026-09-28T16:56:19.3666159Z Checking for memcpy                                                   : ok 
2026-09-28T16:56:19.3986156Z Checking for memmove                                                  : ok 
2026-09-28T16:56:19.4305668Z Checking for strcpy                                                   : ok 
2026-09-28T16:56:19.4626698Z Checking for strncpy                                                  : ok 
2026-09-28T16:56:19.5238022Z Checking for shl_load                                                 : not found 
2026-09-28T16:56:19.5845644Z Checking for shl_unload                                               : not found 
2026-09-28T16:56:19.6449703Z Checking for shl_findsym                                              : not found 
2026-09-28T16:56:19.6770090Z Checking for pipe                                                     : ok 
2026-09-28T16:56:19.7106293Z Checking for strftime                                                 : ok 
2026-09-28T16:56:19.7433607Z Checking for srandom                                                  : ok 
2026-09-28T16:56:19.7760922Z Checking for random                                                   : ok 
2026-09-28T16:56:19.8093038Z Checking for srand                                                    : ok 
2026-09-28T16:56:19.8423209Z Checking for rand                                                     : ok 
2026-09-28T16:56:19.8754820Z Checking for usleep                                                   : ok 
2026-09-28T16:56:19.9073775Z Checking for setbuffer                                                : ok 
2026-09-28T16:56:19.9395043Z Checking for lstat                                                    : ok 
2026-09-28T16:56:19.9717543Z Checking for getpgrp                                                  : ok 
2026-09-28T16:56:20.0042301Z Checking for utime                                                    : ok 
2026-09-28T16:56:20.0362159Z Checking for utimes                                                   : ok 
2026-09-28T16:56:20.0683418Z Checking for setuid                                                   : ok 
2026-09-28T16:56:20.1000019Z Checking for seteuid                                                  : ok 
2026-09-28T16:56:20.1320315Z Checking for setreuid                                                 : ok 
2026-09-28T16:56:20.1643390Z Checking for setresuid                                                : ok 
2026-09-28T16:56:20.1965501Z Checking for setgid                                                   : ok 
2026-09-28T16:56:20.2280923Z Checking for setegid                                                  : ok 
2026-09-28T16:56:20.2598713Z Checking for setregid                                                 : ok 
2026-09-28T16:56:20.2915327Z Checking for setresgid                                                : ok 
2026-09-28T16:56:20.3238714Z Checking for chroot                                                   : ok 
2026-09-28T16:56:20.3555784Z Checking for strerror                                                 : ok 
2026-09-28T16:56:20.3870280Z Checking for vsyslog                                                  : ok 
2026-09-28T16:56:20.4193623Z Checking for setlinebuf                                               : ok 
2026-09-28T16:56:20.4517771Z Checking for mktime                                                   : ok 
2026-09-28T16:56:20.4847360Z Checking for ftruncate                                                : ok 
2026-09-28T16:56:20.5461845Z Checking for chsize                                                   : not found 
2026-09-28T16:56:20.5797943Z Checking for rename                                                   : ok 
2026-09-28T16:56:20.6137016Z Checking for waitpid                                                  : ok 
2026-09-28T16:56:20.6478275Z Checking for wait4                                                    : ok 
2026-09-28T16:56:20.6809493Z Checking for initgroups                                               : ok 
2026-09-28T16:56:20.7142285Z Checking for pread                                                    : ok 
2026-09-28T16:56:20.7476269Z Checking for pwrite                                                   : ok 
2026-09-28T16:56:20.7813239Z Checking for strndup                                                  : ok 
2026-09-28T16:56:20.8145796Z Checking for strcasestr                                               : ok 
2026-09-28T16:56:20.8493237Z Checking for strsep                                                   : ok 
2026-09-28T16:56:20.8829380Z Checking for strtok_r                                                 : ok 
2026-09-28T16:56:20.9158827Z Checking for mkdtemp                                                  : ok 
2026-09-28T16:56:20.9489243Z Checking for dup2                                                     : ok 
2026-09-28T16:56:20.9835172Z Checking for dprintf                                                  : ok 
2026-09-28T16:56:21.0174425Z Checking for vdprintf                                                 : ok 
2026-09-28T16:56:21.0507436Z Checking for isatty                                                   : ok 
2026-09-28T16:56:21.0844799Z Checking for chown                                                    : ok 
2026-09-28T16:56:21.1175845Z Checking for lchown                                                   : ok 
2026-09-28T16:56:21.1508393Z Checking for link                                                     : ok 
2026-09-28T16:56:21.1838552Z Checking for readlink                                                 : ok 
2026-09-28T16:56:21.2172393Z Checking for symlink                                                  : ok 
2026-09-28T16:56:21.2511067Z Checking for realpath                                                 : ok 
2026-09-28T16:56:21.2839266Z Checking for snprintf                                                 : ok 
2026-09-28T16:56:21.3178665Z Checking for vsnprintf                                                : ok 
2026-09-28T16:56:21.3511778Z Checking for asprintf                                                 : ok 
2026-09-28T16:56:21.3834813Z Checking for vasprintf                                                : ok 
2026-09-28T16:56:21.4165327Z Checking for setenv                                                   : ok 
2026-09-28T16:56:21.4494513Z Checking for unsetenv                                                 : ok 
2026-09-28T16:56:21.4822223Z Checking for strnlen                                                  : ok 
2026-09-28T16:56:21.5160762Z Checking for strtoull                                                 : ok 
2026-09-28T16:56:21.5778478Z Checking for __strtoull                                               : not found 
2026-09-28T16:56:21.6129662Z Checking for strtouq                                                  : ok 
2026-09-28T16:56:21.6459772Z Checking for strtoll                                                  : ok 
2026-09-28T16:56:21.7084936Z Checking for __strtoll                                                : not found 
2026-09-28T16:56:21.7408176Z Checking for strtoq                                                   : ok 
2026-09-28T16:56:21.7744957Z Checking for memalign                                                 : ok 
2026-09-28T16:56:21.8087436Z Checking for posix_memalign                                           : ok 
2026-09-28T16:56:21.8420420Z Checking for fmemopen                                                 : ok 
2026-09-28T16:56:21.8756781Z Checking for renameat2                                                : ok 
2026-09-28T16:56:21.9070918Z Checking for header malloc.h                                          : yes 
2026-09-28T16:56:22.0817230Z Checking for declaration of memalign                                  : ok 
2026-09-28T16:56:22.1282199Z Checking for posix_fallocate-capable libc                             : ok 
2026-09-28T16:56:22.1620956Z Checking for posix_fallocate                                          : ok 
2026-09-28T16:56:22.1621464Z Checking for prctl                                                    : ok 
2026-09-28T16:56:22.1959197Z Checking for dirname                                                  : ok 
2026-09-28T16:56:22.2297221Z Checking for basename                                                 : ok 
2026-09-28T16:56:22.2633033Z Checking for strlcpy                                                  : ok 
2026-09-28T16:56:22.2972242Z Checking for strlcat                                                  : ok 
2026-09-28T16:56:22.3606864Z Checking for getpeereid                                               : not found 
2026-09-28T16:56:22.3835567Z Checking for library bsd                                              : no 
2026-09-28T16:56:22.5252860Z Checking for getpeereid                                               : not found 
2026-09-28T16:56:22.5486469Z Checking for library setproctitle                                     : no 
2026-09-28T16:56:22.6890367Z Checking for setproctitle                                             : not found 
2026-09-28T16:56:22.7117810Z Checking for library bsd                                              : no 
2026-09-28T16:56:22.8528385Z Checking for setproctitle                                             : not found 
2026-09-28T16:56:22.9153418Z Checking for setproctitle_init                                        : not found 
2026-09-28T16:56:22.9384346Z Checking for library bsd                                              : no 
2026-09-28T16:56:23.0799047Z Checking for setproctitle_init                                        : not found 
2026-09-28T16:56:23.1128044Z Checking for closefrom                                                : ok 
2026-09-28T16:56:23.1620572Z Checking whether we can use SO_PEERCRED to get socket credentials     : ok 
2026-09-28T16:56:23.2124669Z Checking correct behavior of strtoll                                  : not found 
2026-09-28T16:56:23.2465485Z Checking for if_nameindex                                             : ok 
2026-09-28T16:56:23.2810487Z Checking for if_nametoindex                                           : ok 
2026-09-28T16:56:23.3147774Z Checking for strerror_r                                               : ok 
2026-09-28T16:56:23.3479918Z Checking for syslog                                                   : ok 
2026-09-28T16:56:23.3480403Z Checking for gai_strerror                                             : ok 
2026-09-28T16:56:23.3811094Z Checking for get_current_dir_name                                     : ok 
2026-09-28T16:56:23.4149872Z Checking for timegm                                                   : ok 
2026-09-28T16:56:23.4487279Z Checking for getifaddrs                                               : ok 
2026-09-28T16:56:23.4818910Z Checking for freeifaddrs                                              : ok 
2026-09-28T16:56:23.5159160Z Checking for mmap                                                     : ok 
2026-09-28T16:56:23.5502192Z Checking for setgroups                                                : ok 
2026-09-28T16:56:23.5848528Z Checking for syscall                                                  : ok 
2026-09-28T16:56:23.6189012Z Checking for setsid                                                   : ok 
2026-09-28T16:56:23.6526622Z Checking for getgrent_r                                               : ok 
2026-09-28T16:56:23.6873970Z Checking for getgrgid_r                                               : ok 
2026-09-28T16:56:23.7209899Z Checking for getgrnam_r                                               : ok 
2026-09-28T16:56:23.7551368Z Checking for getgrouplist                                             : ok 
2026-09-28T16:56:23.7896032Z Checking for getpagesize                                              : ok 
2026-09-28T16:56:23.8235718Z Checking for getpwent_r                                               : ok 
2026-09-28T16:56:23.8582825Z Checking for getpwnam_r                                               : ok 
2026-09-28T16:56:23.8932317Z Checking for getpwuid_r                                               : ok 
2026-09-28T16:56:23.9271808Z Checking for epoll_create1                                            : ok 
2026-09-28T16:56:23.9917135Z Checking for getprogname                                              : not found 
2026-09-28T16:56:24.0250321Z Checking for copy_file_range                                          : ok 
2026-09-28T16:56:24.0586580Z Checking for getxattr                                                 : ok 
2026-09-28T16:56:24.0867989Z Checking whether xattr interface takes additional options             : not found 
2026-09-28T16:56:24.1807815Z Checking for dlopen                                                   : ok 
2026-09-28T16:56:24.2152584Z Checking for dlsym                                                    : ok 
2026-09-28T16:56:24.2490679Z Checking for dlerror                                                  : ok 
2026-09-28T16:56:24.2829180Z Checking for dlclose                                                  : ok 
2026-09-28T16:56:24.3166086Z Checking for declaration of dlopen                                    : ok 
2026-09-28T16:56:24.3444742Z Checking C prototype for dlopen                                       : not found 
2026-09-28T16:56:24.3782358Z Checking for fdatasync                                                : ok 
2026-09-28T16:56:24.4115916Z Checking for declaration of fdatasync                                 : ok 
2026-09-28T16:56:24.4460486Z Checking for clock_gettime                                            : ok 
2026-09-28T16:56:24.4951091Z Checking whether the clock_gettime clock ID CLOCK_MONOTONIC is available : ok 
2026-09-28T16:56:24.5440646Z Checking whether the clock_gettime clock ID CLOCK_PROCESS_CPUTIME_ID is available : ok 
2026-09-28T16:56:24.5927157Z Checking whether the clock_gettime clock ID CLOCK_REALTIME is available           : ok 
2026-09-28T16:56:24.6260791Z Checking for struct timespec                                                      : ok 
2026-09-28T16:56:24.6635365Z Checking for header arpa/nameser.h                                                : yes 
2026-09-28T16:56:24.7014279Z Checking for header resolv.h                                                      : yes 
2026-09-28T16:56:24.7359216Z Checking for res_search                                                           : ok 
2026-09-28T16:56:24.7685176Z Checking for header libintl.h                                                     : yes 
2026-09-28T16:56:24.7914784Z Checking for library intl                                                         : no 
2026-09-28T16:56:24.8251173Z Checking for declaration of dgettext                                              : ok 
2026-09-28T16:56:24.8578819Z Checking for declaration of gettext                                               : ok 
2026-09-28T16:56:24.8913215Z Checking for declaration of bindtextdomain                                        : ok 
2026-09-28T16:56:24.9245205Z Checking for declaration of textdomain                                            : ok 
2026-09-28T16:56:24.9574430Z Checking for declaration of bind_textdomain_codeset                               : ok 
2026-09-28T16:56:24.9910022Z Checking for bindtextdomain                                                       : ok 
2026-09-28T16:56:25.0248857Z Checking for textdomain                                                           : ok 
2026-09-28T16:56:25.0598062Z Checking for bind_textdomain_codeset                                              : ok 
2026-09-28T16:56:25.0938963Z Checking for dgettext                                                             : ok 
2026-09-28T16:56:25.1274707Z Checking for gettext                                                              : ok 
2026-09-28T16:56:25.1981107Z Checking for pthread_create                                                       : ok 
2026-09-28T16:56:25.2315354Z Checking for pthread_attr_init                                                    : ok 
2026-09-28T16:56:25.2653075Z Checking for pthread_mutexattr_setrobust                                          : ok 
2026-09-28T16:56:25.2957055Z Checking for declaration of PTHREAD_MUTEX_ROBUST                                  : not found 
2026-09-28T16:56:25.3303301Z Checking for declaration of PTHREAD_MUTEX_ROBUST (as enum)                        : ok 
2026-09-28T16:56:25.3633199Z Checking for pthread_mutex_consistent                                             : ok 
2026-09-28T16:56:25.4104994Z Checking for __thread local storage                                               : ok 
2026-09-28T16:56:25.4941713Z Checking for crypt                                                                : not found 
2026-09-28T16:56:25.5269018Z Checking for library crypt                                                        : yes 
2026-09-28T16:56:25.5613481Z Checking for crypt in crypt                                                       : ok 
2026-09-28T16:56:25.6252854Z Checking for crypt_r                                                              : not found 
2026-09-28T16:56:25.6596625Z Checking for crypt_r in crypt                                                     : ok 
2026-09-28T16:56:25.7239285Z Checking for crypt_rn                                                             : not found 
2026-09-28T16:56:25.7582263Z Checking for crypt_rn in crypt                                                    : ok 
2026-09-28T16:56:25.7844682Z Checking for header readline.h                                                    : no 
2026-09-28T16:56:25.8108142Z Checking for header readline/readline.h                                           : no 
2026-09-28T16:56:25.8378725Z Checking for header readline/history.h                                            : no 
2026-09-28T16:56:25.8672012Z Checking for variable rl_event_hook                                               : not found 
2026-09-28T16:56:25.9011325Z Checking for variable program_invocation_short_name                               : ok 
2026-09-28T16:56:25.9346054Z Checking for declaration of snprintf                                              : ok 
2026-09-28T16:56:25.9679005Z Checking for declaration of vsnprintf                                             : ok 
2026-09-28T16:56:26.0012721Z Checking for declaration of asprintf                                              : ok 
2026-09-28T16:56:26.0344471Z Checking for declaration of vasprintf                                             : ok 
2026-09-28T16:56:26.0683751Z Checking for declaration of errno                                                 : ok 
2026-09-28T16:56:26.1014497Z Checking for declaration of EWOULDBLOCK                                           : ok 
2026-09-28T16:56:26.1342511Z Checking for declaration of environ                                               : ok 
2026-09-28T16:56:26.1680384Z Checking for declaration of getgrent_r                                            : ok 
2026-09-28T16:56:26.2008503Z Checking for declaration of getpwent_r                                            : ok 
2026-09-28T16:56:26.2347904Z Checking for declaration of pread                                                 : ok 
2026-09-28T16:56:26.2682175Z Checking for declaration of pwrite                                                : ok 
2026-09-28T16:56:26.3009712Z Checking for declaration of setenv                                                : ok 
2026-09-28T16:56:26.3339071Z Checking for declaration of setresgid                                             : ok 
2026-09-28T16:56:26.3672559Z Checking for declaration of setresuid                                             : ok 
2026-09-28T16:56:26.4329362Z Checking for eventfd                                                              : ok 
2026-09-28T16:56:26.4670117Z Checking for header poll.h                                                        : yes 
2026-09-28T16:56:26.5019377Z Checking for poll                                                                 : ok 
2026-09-28T16:56:26.5361046Z Checking for strptime                                                             : ok 
2026-09-28T16:56:26.5703142Z Checking for declaration of strptime                                              : ok 
2026-09-28T16:56:26.6300546Z Checking for working strptime                                                     : ok 
2026-09-28T16:56:26.6637053Z Checking for declaration of gettimeofday                                          : ok 
2026-09-28T16:56:26.6926105Z Checking C prototype for gettimeofday                                             : not found 
2026-09-28T16:56:26.7256201Z Checking C prototype for gettimeofday                                             : ok 
2026-09-28T16:56:26.7909980Z Checking for C99 vsnprintf                                                        : ok 
2026-09-28T16:56:27.8505735Z Checking for HAVE_SHARED_MMAP                                                     : ok 
2026-09-28T16:56:27.8984838Z Checking for HAVE_MREMAP                                                          : ok 
2026-09-28T16:56:27.9600704Z Checking for HAVE_INCOHERENT_MMAP                                                 : not found 
2026-09-28T16:56:28.0083626Z Checking for HAVE_IMMEDIATE_STRUCTURES                                            : ok 
2026-09-28T16:56:28.0574688Z Checking for HAVE_MKDIR_MODE                                                      : ok 
2026-09-28T16:56:28.0902685Z Checking for member st_rdev in struct stat                                        : ok 
2026-09-28T16:56:28.1230446Z Checking for member st_rdev in struct stat                                        : ok 
2026-09-28T16:56:28.1578430Z Checking for member ss_family in struct sockaddr_storage                          : ok 
2026-09-28T16:56:28.1884127Z Checking for member __ss_family in struct sockaddr_storage                        : not found 
2026-09-28T16:56:28.2187655Z Checking for member sa_len in struct sockaddr                                     : not found 
2026-09-28T16:56:28.2488052Z Checking for member sin_len in struct sockaddr_in                                 : not found 
2026-09-28T16:56:28.2787010Z Checking for member sin6_len in struct sockaddr_in6                               : not found 
2026-09-28T16:56:28.3282112Z Checking for HAVE_UNIXSOCKET                                                      : ok 
2026-09-28T16:56:28.3819661Z Checking for HAVE_SECURE_MKSTEMP                                                  : ok 
2026-09-28T16:56:28.4288684Z Checking for HAVE_IFACE_GETIFADDRS                                                : not found 
2026-09-28T16:56:28.4775665Z Checking for HAVE_IFACE_AIX                                                       : not found 
2026-09-28T16:56:28.5242749Z Checking for HAVE_IFACE_IFCONF                                                    : not found 
2026-09-28T16:56:28.5700000Z Checking for HAVE_IFACE_IFREQ                                                     : not found 
2026-09-28T16:56:28.6042173Z Checking for declaration of getpwent_r                                            : ok 
2026-09-28T16:56:28.6329971Z Checking C prototype for getpwent_r                                               : not found 
2026-09-28T16:56:28.6666482Z Checking for declaration of getgrent_r                                            : ok 
2026-09-28T16:56:28.6950596Z Checking C prototype for getgrent_r                                               : not found 
2026-09-28T16:56:28.7232994Z Checking C prototype for getpwent_r                                               : not found 
2026-09-28T16:56:28.7517638Z Checking C prototype for getgrent_r                                               : not found 
2026-09-28T16:56:28.7518770Z Checking for strerror_r                                                           : ok 
2026-09-28T16:56:28.7799871Z Checking for XSI (rather than GNU) prototype for strerror_r                       : not found 
2026-09-28T16:56:28.7808316Z Checking for program 'xsltproc'                                                   : not found 
2026-09-28T16:56:28.8162548Z Checking for header sys/auxv.h                                                    : yes 
2026-09-28T16:56:28.8510790Z Checking for getauxval                                                            : ok 
2026-09-28T16:56:28.8735484Z Checking if compiler accepts -fstack-protector-strong                             : no 
2026-09-28T16:56:28.8962799Z Checking if compiler accepts -fstack-protector                                    : no 
2026-09-28T16:56:28.9355509Z Checking if compiler accepts -fstack-clash-protection                             : yes 
2026-09-28T16:56:28.9758646Z Checking linker accepts -Wl,-no-undefined                                         : yes 
2026-09-28T16:56:28.9985957Z Checking linker accepts ['-undefined', 'dynamic_lookup']                          : no 
2026-09-28T16:56:28.9987663Z Checking for program 'python3'                                                    : /usr/bin/python3 
2026-09-28T16:56:29.0064688Z Checking for program 'python'                                                     : /usr/bin/python3 
2026-09-28T16:56:29.0217002Z Checking for program 'python3'                                                    : /usr/bin/python3 
2026-09-28T16:56:29.5168522Z Checking for python version >= 3.6.0                                              : 3.12.3 
2026-09-28T16:56:29.5169124Z python headers                                                                    : Check disabled due to --disable-python 
2026-09-28T16:56:29.5178548Z 'configure' finished successfully (19.870s)
2026-09-28T16:56:29.5389123Z PYTHONHASHSEED=1 WAF_MAKE=1  `PATH=buildtools/bin:../../buildtools/bin:$PATH which waf` build
2026-09-28T16:56:29.6523220Z Waf: Entering directory `/home/runner/work/coh-android/coh-android/out/android/proot-build-linux-arm64/talloc-2.4.3/bin/default'
2026-09-28T16:56:29.6544408Z Checking project rules ...
2026-09-28T16:56:29.6554087Z Project rules pass
2026-09-28T16:56:29.6581712Z [1/2] Creating bin/default/lib/replace/replace.empty.c
2026-09-28T16:56:29.6586336Z [2/2] Compiling talloc.pc.in
2026-09-28T16:56:29.6594648Z [3/3] Compiling lib/replace/replace.c
2026-09-28T16:56:29.7277155Z [4/4] Processing talloc.vscript: ABI/talloc-2.0.2.sigs ABI/talloc-2.0.3.sigs ABI/talloc-2.0.4.sigs ABI/talloc-2.0.5.sigs ABI/talloc-2.0.6.sigs ABI/talloc-2.0.7.sigs ABI/talloc-2.0.8.sigs ABI/talloc-2.1.0.sigs ABI/talloc-2.1.1.sigs ABI/talloc-2.1.2.sigs ABI/talloc-2.1.3.sigs ABI/talloc-2.1.4.sigs ABI/talloc-2.1.5.sigs ABI/talloc-2.1.6.sigs ABI/talloc-2.1.7.sigs ABI/talloc-2.1.8.sigs ABI/talloc-2.1.9.sigs ABI/talloc-2.1.10.sigs ABI/talloc-2.1.11.sigs ABI/talloc-2.1.12.sigs ABI/talloc-2.1.13.sigs ABI/talloc-2.1.14.sigs ABI/talloc-2.1.15.sigs ABI/talloc-2.1.16.sigs ABI/talloc-2.2.0.sigs ABI/talloc-2.3.0.sigs ABI/talloc-2.3.1.sigs ABI/talloc-2.3.2.sigs ABI/talloc-2.3.3.sigs ABI/talloc-2.3.4.sigs ABI/talloc-2.3.5.sigs ABI/talloc-2.4.0.sigs ABI/talloc-2.4.1.sigs ABI/talloc-2.4.2.sigs ABI/talloc-2.4.3.sigs -> bin/default/talloc.vscript
2026-09-28T16:56:29.7290728Z [5/5] Compiling lib/replace/replace.c
2026-09-28T16:56:29.7911311Z [ 6/21] Compiling talloc.c
2026-09-28T16:56:29.7916986Z [ 7/21] Compiling lib/replace/tests/strptime.c
2026-09-28T16:56:29.8412577Z [ 8/21] Compiling lib/replace/tests/getifaddrs.c
2026-09-28T16:56:29.8899533Z [ 9/21] Compiling lib/replace/tests/os2_delete.c
2026-09-28T16:56:29.9503805Z [10/21] Compiling lib/replace/tests/testsuite.c
2026-09-28T16:56:30.3661019Z [11/21] Compiling lib/replace/tests/main.c
2026-09-28T16:56:30.4009283Z [12/21] Compiling testsuite.c
2026-09-28T16:56:31.0888615Z ../../testsuite.c: In function ‘test_autofree’:
2026-09-28T16:56:31.0889536Z ../../testsuite.c:1334:9: warning: ‘talloc_autofree_context’ is deprecated [-Wdeprecated-declarations]
2026-09-28T16:56:31.0890056Z  1334 |         p = talloc_autofree_context();
2026-09-28T16:56:31.0890317Z       |         ^
2026-09-28T16:56:31.0890525Z In file included from ../../testsuite.c:28:
2026-09-28T16:56:31.0890797Z ../../talloc.h:1084:16: note: declared here
2026-09-28T16:56:31.0891154Z  1084 | _PUBLIC_ void *talloc_autofree_context(void) _DEPRECATED_;
2026-09-28T16:56:31.0891482Z       |                ^~~~~~~~~~~~~~~~~~~~~~~
2026-09-28T16:56:31.0892336Z ../../testsuite.c:1337:9: warning: ‘talloc_autofree_context’ is deprecated [-Wdeprecated-declarations]
2026-09-28T16:56:31.0892837Z  1337 |         p = talloc_autofree_context();
2026-09-28T16:56:31.0893092Z       |         ^
2026-09-28T16:56:31.0893290Z ../../talloc.h:1084:16: note: declared here
2026-09-28T16:56:31.0893615Z  1084 | _PUBLIC_ void *talloc_autofree_context(void) _DEPRECATED_;
2026-09-28T16:56:31.0893941Z       |                ^~~~~~~~~~~~~~~~~~~~~~~
2026-09-28T16:56:31.0894627Z ../../testsuite.c: In function ‘test_memlimit’:
2026-09-28T16:56:31.0895267Z ../../testsuite.c:1680:9: warning: ‘talloc_set_memlimit’ is deprecated [-Wdeprecated-declarations]
2026-09-28T16:56:31.0895795Z  1680 |         torture_assert("memlimit", talloc_set_memlimit(l1, 2048) == 0,
2026-09-28T16:56:31.0896142Z       |         ^~~~~~~~~~~~~~
2026-09-28T16:56:31.0896370Z ../../talloc.h:1951:14: note: declared here
2026-09-28T16:56:31.0896757Z  1951 | _PUBLIC_ int talloc_set_memlimit(const void *ctx, size_t max_size) _DEPRECATED_;
2026-09-28T16:56:31.0897144Z       |              ^~~~~~~~~~~~~~~~~~~
2026-09-28T16:56:31.0897681Z ../../testsuite.c:1740:9: warning: ‘talloc_set_memlimit’ is deprecated [-Wdeprecated-declarations]
2026-09-28T16:56:31.0898202Z  1740 |         torture_assert("memlimit", talloc_set_memlimit(l3, 1024) == 0,
2026-09-28T16:56:31.0898543Z       |         ^~~~~~~~~~~~~~
2026-09-28T16:56:31.0898769Z ../../talloc.h:1951:14: note: declared here
2026-09-28T16:56:31.0899164Z  1951 | _PUBLIC_ int talloc_set_memlimit(const void *ctx, size_t max_size) _DEPRECATED_;
2026-09-28T16:56:31.0899560Z       |              ^~~~~~~~~~~~~~~~~~~
2026-09-28T16:56:31.0900062Z ../../testsuite.c:1753:9: warning: ‘talloc_set_memlimit’ is deprecated [-Wdeprecated-declarations]
2026-09-28T16:56:31.0900807Z  1753 |         torture_assert("memlimit", talloc_set_memlimit(l4, 512) == 0,
2026-09-28T16:56:31.0901140Z       |         ^~~~~~~~~~~~~~
2026-09-28T16:56:31.0901365Z ../../talloc.h:1951:14: note: declared here
2026-09-28T16:56:31.0901757Z  1951 | _PUBLIC_ int talloc_set_memlimit(const void *ctx, size_t max_size) _DEPRECATED_;
2026-09-28T16:56:31.0902425Z       |              ^~~~~~~~~~~~~~~~~~~
2026-09-28T16:56:31.0902992Z ../../testsuite.c:1787:9: warning: ‘talloc_set_memlimit’ is deprecated [-Wdeprecated-declarations]
2026-09-28T16:56:31.0903509Z  1787 |         torture_assert("memlimit", talloc_set_memlimit(l4, 512) == 0,
2026-09-28T16:56:31.0903843Z       |         ^~~~~~~~~~~~~~
2026-09-28T16:56:31.0904089Z ../../talloc.h:1951:14: note: declared here
2026-09-28T16:56:31.0904478Z  1951 | _PUBLIC_ int talloc_set_memlimit(const void *ctx, size_t max_size) _DEPRECATED_;
2026-09-28T16:56:31.0904867Z       |              ^~~~~~~~~~~~~~~~~~~
2026-09-28T16:56:31.0905367Z ../../testsuite.c:1820:9: warning: ‘talloc_set_memlimit’ is deprecated [-Wdeprecated-declarations]
2026-09-28T16:56:31.0905826Z  1820 |         talloc_set_memlimit(pool, 10*1024);
2026-09-28T16:56:31.0906095Z       |         ^~~~~~~~~~~~~~~~~~~
2026-09-28T16:56:31.0906330Z ../../talloc.h:1951:14: note: declared here
2026-09-28T16:56:31.0906717Z  1951 | _PUBLIC_ int talloc_set_memlimit(const void *ctx, size_t max_size) _DEPRECATED_;
2026-09-28T16:56:31.0907111Z       |              ^~~~~~~~~~~~~~~~~~~
2026-09-28T16:56:31.0907606Z ../../testsuite.c:1873:9: warning: ‘talloc_set_memlimit’ is deprecated [-Wdeprecated-declarations]
2026-09-28T16:56:31.0908059Z  1873 |         talloc_set_memlimit(pool, 11*1024);
2026-09-28T16:56:31.0908332Z       |         ^~~~~~~~~~~~~~~~~~~
2026-09-28T16:56:31.0908571Z ../../talloc.h:1951:14: note: declared here
2026-09-28T16:56:31.0908964Z  1951 | _PUBLIC_ int talloc_set_memlimit(const void *ctx, size_t max_size) _DEPRECATED_;
2026-09-28T16:56:31.0909350Z       |              ^~~~~~~~~~~~~~~~~~~
2026-09-28T16:56:31.0909855Z ../../testsuite.c:1885:9: warning: ‘talloc_set_memlimit’ is deprecated [-Wdeprecated-declarations]
2026-09-28T16:56:31.0910308Z  1885 |         talloc_set_memlimit(pool, 21*1024);
2026-09-28T16:56:31.0910574Z       |         ^~~~~~~~~~~~~~~~~~~
2026-09-28T16:56:31.0910815Z ../../talloc.h:1951:14: note: declared here
2026-09-28T16:56:31.0911199Z  1951 | _PUBLIC_ int talloc_set_memlimit(const void *ctx, size_t max_size) _DEPRECATED_;
2026-09-28T16:56:31.0911597Z       |              ^~~~~~~~~~~~~~~~~~~
2026-09-28T16:56:31.0930722Z ../../testsuite.c:1923:9: warning: ‘talloc_set_memlimit’ is deprecated [-Wdeprecated-declarations]
2026-09-28T16:56:31.0931267Z  1923 |         talloc_set_memlimit(pool, 1024);
2026-09-28T16:56:31.0932112Z       |         ^~~~~~~~~~~~~~~~~~~
2026-09-28T16:56:31.0932385Z ../../talloc.h:1951:14: note: declared here
2026-09-28T16:56:31.0932784Z  1951 | _PUBLIC_ int talloc_set_memlimit(const void *ctx, size_t max_size) _DEPRECATED_;
2026-09-28T16:56:31.0933173Z       |              ^~~~~~~~~~~~~~~~~~~
2026-09-28T16:56:31.0933785Z ../../testsuite.c:1944:9: warning: ‘talloc_set_memlimit’ is deprecated [-Wdeprecated-declarations]
2026-09-28T16:56:31.0934378Z  1944 |         talloc_set_memlimit(pool, 10*1024);
2026-09-28T16:56:31.0934729Z       |         ^~~~~~~~~~~~~~~~~~~
2026-09-28T16:56:31.0934970Z ../../talloc.h:1951:14: note: declared here
2026-09-28T16:56:31.0935365Z  1951 | _PUBLIC_ int talloc_set_memlimit(const void *ctx, size_t max_size) _DEPRECATED_;
2026-09-28T16:56:31.0935752Z       |              ^~~~~~~~~~~~~~~~~~~
2026-09-28T16:56:31.0935916Z 
2026-09-28T16:56:31.0936055Z [13/21] Linking bin/default/libtalloc.so
2026-09-28T16:56:31.1044019Z [14/21] Compiling testsuite_main.c
2026-09-28T16:56:31.1395827Z [15/21] Compiling test_magic_differs_helper.c
2026-09-28T16:56:31.1639826Z [16/21] Linking bin/default/talloc_testsuite
2026-09-28T16:56:31.1795183Z [17/21] Compiling bin/default/lib/replace/replace.empty.c
2026-09-28T16:56:31.1909343Z [18/21] Linking bin/default/talloc_test_magic_differs_helper
2026-09-28T16:56:31.2015936Z [19/21] Compiling talloc.c
2026-09-28T16:56:31.2059355Z [20/21] Linking bin/default/lib/replace/replace_testsuite
2026-09-28T16:56:31.2219895Z [21/21] Symlinking bin/default/libtalloc.so
2026-09-28T16:56:31.8347280Z Waf: Leaving directory `/home/runner/work/coh-android/coh-android/out/android/proot-build-linux-arm64/talloc-2.4.3/bin/default'
2026-09-28T16:56:31.8348133Z Build commands will be stored in bin/default/compile_commands.json
2026-09-28T16:56:31.8366718Z 'build' finished successfully (2.194s)
2026-09-28T16:56:32.1908020Z make: Entering directory '/home/runner/work/coh-android/coh-android/out/android/proot-build-linux-arm64/proot/src'
2026-09-28T16:56:32.4529725Z   CC	cli/note.o
2026-09-28T16:56:32.4565049Z   CC	execve/enter.o
2026-09-28T16:56:32.4922736Z   CC	execve/exit.o
2026-09-28T16:56:32.5775660Z   CC	execve/shebang.o
2026-09-28T16:56:32.5896987Z   CC	execve/elf.o
2026-09-28T16:56:32.6448780Z   CC	execve/ldso.o
2026-09-28T16:56:32.6522132Z   CC	execve/auxv.o
2026-09-28T16:56:32.7135461Z   CC	path/binding.o
2026-09-28T16:56:32.7900107Z   CC	path/glue.o
2026-09-28T16:56:32.8156529Z ./path/glue.c: In function ‘set_placeholder_destructor’:
2026-09-28T16:56:32.8157352Z ./path/glue.c:76:9: warning: ‘talloc_autofree_context’ is deprecated [-Wdeprecated-declarations]
2026-09-28T16:56:32.8157828Z    76 |         autofreed = talloc_autofree_context();
2026-09-28T16:56:32.8158102Z       |         ^~~~~~~~~
2026-09-28T16:56:32.8158323Z In file included from ./path/glue.c:31:
2026-09-28T16:56:32.8158905Z /home/runner/work/coh-android/coh-android/out/android/proot-build-linux-arm64/talloc-prefix/include/talloc.h:1084:16: note: declared here
2026-09-28T16:56:32.8159612Z  1084 | _PUBLIC_ void *talloc_autofree_context(void) _DEPRECATED_;
2026-09-28T16:56:32.8159940Z       |                ^~~~~~~~~~~~~~~~~~~~~~~
2026-09-28T16:56:32.8412382Z   CC	path/canon.o
2026-09-28T16:56:32.8764907Z   CC	path/f2fs-bug.o
2026-09-28T16:56:32.9346406Z   CC	path/proc.o
2026-09-28T16:56:32.9435737Z   CC	path/temp.o
2026-09-28T16:56:32.9649645Z ./path/proc.c: In function ‘readlink_proc’:
2026-09-28T16:56:32.9650637Z ./path/proc.c:124:25: warning: ‘__builtin_strncpy’ specified bound depends on the length of the source argument [-Wstringop-truncation]
2026-09-28T16:56:32.9651365Z   124 |                         strncpy(result, string, status + 1);    \
2026-09-28T16:56:32.9651764Z       |                         ^~~~~~~
2026-09-28T16:56:32.9652475Z ./path/proc.c:130:17: note: in expansion of macro ‘SUBSTITUTE’
2026-09-28T16:56:32.9652944Z   130 |                 SUBSTITUTE(exe, known_tracee->exe);
2026-09-28T16:56:32.9653333Z       |                 ^~~~~~~~~~
2026-09-28T16:56:32.9654219Z ./path/proc.c:120:34: note: length computed here
2026-09-28T16:56:32.9654676Z   120 |                         status = strlen(string);                \
2026-09-28T16:56:32.9655081Z       |                                  ^~~~~~~~~~~~~~
2026-09-28T16:56:32.9655603Z ./path/proc.c:130:17: note: in expansion of macro ‘SUBSTITUTE’
2026-09-28T16:56:32.9656063Z   130 |                 SUBSTITUTE(exe, known_tracee->exe);
2026-09-28T16:56:32.9656421Z       |                 ^~~~~~~~~~
2026-09-28T16:56:32.9657098Z ./path/proc.c:124:25: warning: ‘__builtin_strncpy’ specified bound depends on the length of the source argument [-Wstringop-truncation]
2026-09-28T16:56:32.9657832Z   124 |                         strncpy(result, string, status + 1);    \
2026-09-28T16:56:32.9658238Z       |                         ^~~~~~~
2026-09-28T16:56:32.9658724Z ./path/proc.c:131:17: note: in expansion of macro ‘SUBSTITUTE’
2026-09-28T16:56:32.9659163Z   131 |                 SUBSTITUTE(cwd, known_tracee->fs->cwd);
2026-09-28T16:56:32.9659545Z       |                 ^~~~~~~~~~
2026-09-28T16:56:32.9659881Z ./path/proc.c:120:34: note: length computed here
2026-09-28T16:56:32.9660282Z   120 |                         status = strlen(string);                \
2026-09-28T16:56:32.9660674Z       |                                  ^~~~~~~~~~~~~~
2026-09-28T16:56:32.9661506Z ./path/proc.c:131:17: note: in expansion of macro ‘SUBSTITUTE’
2026-09-28T16:56:32.9662135Z   131 |                 SUBSTITUTE(cwd, known_tracee->fs->cwd);
2026-09-28T16:56:32.9662536Z       |                 ^~~~~~~~~~
2026-09-28T16:56:32.9676463Z ./path/temp.c: In function ‘get_temp_directory’:
2026-09-28T16:56:32.9677121Z ./path/temp.c:37:9: warning: ‘talloc_autofree_context’ is deprecated [-Wdeprecated-declarations]
2026-09-28T16:56:32.9677735Z    37 |         temp_directory = talloc_strdup(talloc_autofree_context(), tmp);
2026-09-28T16:56:32.9678163Z       |         ^~~~~~~~~~~~~~
2026-09-28T16:56:32.9678476Z In file included from ./path/temp.c:9:
2026-09-28T16:56:32.9679152Z /home/runner/work/coh-android/coh-android/out/android/proot-build-linux-arm64/talloc-prefix/include/talloc.h:1084:16: note: declared here
2026-09-28T16:56:32.9679898Z  1084 | _PUBLIC_ void *talloc_autofree_context(void) _DEPRECATED_;
2026-09-28T16:56:32.9680311Z       |                ^~~~~~~~~~~~~~~~~~~~~~~
2026-09-28T16:56:32.9682306Z ./path/temp.c: In function ‘create_temp_name’:
2026-09-28T16:56:32.9682880Z ./path/temp.c:273:17: warning: ‘talloc_autofree_context’ is deprecated [-Wdeprecated-declarations]
2026-09-28T16:56:32.9683353Z   273 |                 context = talloc_autofree_context();
2026-09-28T16:56:32.9683631Z       |                 ^~~~~~~
2026-09-28T16:56:32.9684351Z /home/runner/work/coh-android/coh-android/out/android/proot-build-linux-arm64/talloc-prefix/include/talloc.h:1084:16: note: declared here
2026-09-28T16:56:32.9685116Z  1084 | _PUBLIC_ void *talloc_autofree_context(void) _DEPRECATED_;
2026-09-28T16:56:32.9685555Z       |                ^~~~~~~~~~~~~~~~~~~~~~~
2026-09-28T16:56:32.9880439Z   CC	syscall/syscall.o
2026-09-28T16:56:33.0166328Z   CC	syscall/chain.o
2026-09-28T16:56:33.0511172Z   CC	syscall/enter.o
2026-09-28T16:56:33.0679955Z   CC	syscall/exit.o
2026-09-28T16:56:33.0992423Z ./syscall/exit.c: In function ‘translate_syscall_exit’:
2026-09-28T16:56:33.0993321Z ./syscall/exit.c:391:68: warning: comparison of unsigned expression in ‘< 0’ is always false [-Wtype-limits]
2026-09-28T16:56:33.0994050Z   391 |                         if (syscall_number == PR_readlink || dirfd < 0) {
2026-09-28T16:56:33.0994527Z       |                                                                    ^
2026-09-28T16:56:33.1119531Z ./syscall/enter.c: In function ‘emulate_pivot_root’:
2026-09-28T16:56:33.1120181Z ./syscall/enter.c:308:24: warning: ‘get_binding’ reading 4096 bytes from a region of size 2 [-Wstringop-overread]
2026-09-28T16:56:33.1120703Z   308 |         root_binding = get_binding(tracee, GUEST, "/");
2026-09-28T16:56:33.1121022Z       |                        ^~~~~~~~~~~~~~~~~~~~~~~~~~~~~~~
2026-09-28T16:56:33.1125156Z ./syscall/enter.c:308:24: note: referencing argument 3 of type ‘const char[4096]’
2026-09-28T16:56:33.1125656Z In file included from ./syscall/enter.c:79:
2026-09-28T16:56:33.1153010Z ./path/binding.h:53:17: note: in a call to function ‘get_binding’
2026-09-28T16:56:33.1182946Z    53 | extern Binding *get_binding(const Tracee *tracee, Side side, const char path[PATH_MAX]);
2026-09-28T16:56:33.1213001Z       |                 ^~~~~~~~~~~
2026-09-28T16:56:33.1213706Z ./syscall/enter.c:354:16: warning: ‘insort_binding3’ reading 4096 bytes from a region of size 2 [-Wstringop-overread]
2026-09-28T16:56:33.1214288Z   354 |         (void) insort_binding3(tracee, tracee->fs, new_root_host, "/");
2026-09-28T16:56:33.1214682Z       |                ^~~~~~~~~~~~~~~~~~~~~~~~~~~~~~~~~~~~~~~~~~~~~~~~~~~~~~~
2026-09-28T16:56:33.1215169Z ./syscall/enter.c:354:16: note: referencing argument 4 of type ‘const char[4096]’
2026-09-28T16:56:33.1215726Z ./path/binding.h:48:17: note: in a call to function ‘insort_binding3’
2026-09-28T16:56:33.1216208Z    48 | extern Binding *insort_binding3(const Tracee *tracee, const TALLOC_CTX *context,
2026-09-28T16:56:33.1216597Z       |                 ^~~~~~~~~~~~~~~
2026-09-28T16:56:33.1217171Z ./syscall/enter.c:378:32: warning: ‘insort_binding3’ reading 4096 bytes from a region of size 4095 [-Wstringop-overread]
2026-09-28T16:56:33.1218244Z   378 |                         (void) insort_binding3(tracee, tracee->fs, b->host.path,
2026-09-28T16:56:33.1218642Z       |                                ^~~~~~~~~~~~~~~~~~~~~~~~~~~~~~~~~~~~~~~~~~~~~~~~~
2026-09-28T16:56:33.1219003Z   379 |                                                b->guest.path + new_root_len);
2026-09-28T16:56:33.1219355Z       |                                                ~~~~~~~~~~~~~~~~~~~~~~~~~~~~~
2026-09-28T16:56:33.1219890Z ./syscall/enter.c:378:32: note: referencing argument 4 of type ‘const char[4096]’
2026-09-28T16:56:33.1220416Z ./path/binding.h:48:17: note: in a call to function ‘insort_binding3’
2026-09-28T16:56:33.1220890Z    48 | extern Binding *insort_binding3(const Tracee *tracee, const TALLOC_CTX *context,
2026-09-28T16:56:33.1221279Z       |                 ^~~~~~~~~~~~~~~
2026-09-28T16:56:33.1221638Z ./syscall/enter.c: In function ‘maybe_redirect_userns_file’:
2026-09-28T16:56:33.1222576Z ./syscall/enter.c:1808:16: warning: ‘set_sysarg_path’ reading 4096 bytes from a region of size 10 [-Wstringop-overread]
2026-09-28T16:56:33.1223131Z  1808 |         (void) set_sysarg_path(tracee, "/dev/null", reg);
2026-09-28T16:56:33.1223460Z       |                ^~~~~~~~~~~~~~~~~~~~~~~~~~~~~~~~~~~~~~~~~
2026-09-28T16:56:33.1223917Z ./syscall/enter.c:1808:16: note: referencing argument 2 of type ‘const char[4096]’
2026-09-28T16:56:33.1224314Z In file included from ./syscall/enter.c:64:
2026-09-28T16:56:33.1224733Z ./syscall/syscall.h:53:12: note: in a call to function ‘set_sysarg_path’
2026-09-28T16:56:33.1225208Z    53 | extern int set_sysarg_path(Tracee *tracee, const char path[PATH_MAX], Reg reg);
2026-09-28T16:56:33.1225604Z       |            ^~~~~~~~~~~~~~~
2026-09-28T16:56:33.2038856Z   CC	syscall/sysnum.o
2026-09-28T16:56:33.2471188Z   CC	syscall/socket.o
2026-09-28T16:56:33.2884320Z ./syscall/socket.c: In function ‘translate_socketcall_enter’:
2026-09-28T16:56:33.2885155Z ./syscall/socket.c:147:9: warning: ‘__builtin_strncpy’ output may be truncated copying 108 bytes from a string of length 4095 [-Wstringop-truncation]
2026-09-28T16:56:33.2885865Z   147 |         strncpy(sockaddr.sun_path, host_path, sizeof_path);
2026-09-28T16:56:33.2886163Z       |         ^
2026-09-28T16:56:33.3082652Z   CC	syscall/heap.o
2026-09-28T16:56:33.3662229Z   CC	syscall/rlimit.o
2026-09-28T16:56:33.3862663Z In file included from ./syscall/rlimit.c:31:
2026-09-28T16:56:33.3863350Z ./syscall/rlimit.c: In function ‘translate_setrlimit_exit’:
2026-09-28T16:56:33.3864967Z ./cli/note.h:46:54: warning: format ‘%llu’ expects argument of type ‘long long unsigned int’, but argument 5 has type ‘rlim64_t’ {aka ‘long unsigned int’} [-Wformat=]
2026-09-28T16:56:33.3865704Z    46 |                         note(tracee, INFO, INTERNAL, (message), ## args); \
2026-09-28T16:56:33.3866234Z       |                                                      ^~~~~~~~~
2026-09-28T16:56:33.3866789Z ./syscall/rlimit.c:115:9: note: in expansion of macro ‘VERBOSE’
2026-09-28T16:56:33.3867421Z   115 |         VERBOSE(tracee, 1, "stack soft limit increased to %llu bytes", proot_stack.rlim_cur);
2026-09-28T16:56:33.3867915Z       |         ^~~~~~~
2026-09-28T16:56:33.4045678Z   CC	syscall/pipe_shadow.o
2026-09-28T16:56:33.4684296Z   CC	tracee/tracee.o
2026-09-28T16:56:33.5429956Z   CC	tracee/reg.o
2026-09-28T16:56:33.5921842Z   CC	tracee/event.o
2026-09-28T16:56:33.6078745Z   CC	tracee/seccomp.o
2026-09-28T16:56:33.6390476Z ./tracee/seccomp.c: In function ‘handle_seccomp_event_common’:
2026-09-28T16:56:33.6391568Z ./tracee/seccomp.c:311:21: warning: variable ‘status’ set but not used [-Wunused-but-set-variable]
2026-09-28T16:56:33.6392538Z   311 |                 int status;
2026-09-28T16:56:33.6393144Z       |                     ^~~~~~
2026-09-28T16:56:33.6395987Z ./tracee/seccomp.c:619:43: warning: comparison of integer expressions of different signedness: ‘gid_t’ {aka ‘unsigned int’} and ‘int’ [-Wsign-compare]
2026-09-28T16:56:33.6397163Z   619 |                 if (rxid != rxid_ && rxid != -1)
2026-09-28T16:56:33.6412620Z       |                                           ^~
2026-09-28T16:56:33.6413734Z ./tracee/seccomp.c:621:43: warning: comparison of integer expressions of different signedness: ‘gid_t’ {aka ‘unsigned int’} and ‘int’ [-Wsign-compare]
2026-09-28T16:56:33.6414649Z   621 |                 if (exid != exid_ && exid != -1)
2026-09-28T16:56:33.6414961Z       |                                           ^~
2026-09-28T16:56:33.6415828Z ./tracee/seccomp.c:623:43: warning: comparison of integer expressions of different signedness: ‘gid_t’ {aka ‘unsigned int’} and ‘int’ [-Wsign-compare]
2026-09-28T16:56:33.6416489Z   623 |                 if (sxid != sxid_ && sxid != -1)
2026-09-28T16:56:33.6416783Z       |                                           ^~
2026-09-28T16:56:33.7271708Z   CC	tracee/statx.o
2026-09-28T16:56:33.7343337Z   CC	ptrace/ptrace.o
2026-09-28T16:56:33.7665141Z ./ptrace/ptrace.c: In function ‘translate_ptrace_exit’:
2026-09-28T16:56:33.7666002Z ./ptrace/ptrace.c:411:25: warning: ‘convert_user_regs_struct’ accessing 4 bytes in a region of size 0 [-Wstringop-overflow=]
2026-09-28T16:56:33.7666662Z   411 |                         convert_user_regs_struct(true, (uint64_t *) &buffer.regs, regs32);
2026-09-28T16:56:33.7667112Z       |                         ^~~~~~~~~~~~~~~~~~~~~~~~~~~~~~~~~~~~~~~~~~~~~~~~~~~~~~~~~~~~~~~~~
2026-09-28T16:56:33.7667703Z ./ptrace/ptrace.c:411:25: note: referencing argument 3 of type ‘uint32_t[0]’ {aka ‘unsigned int[]’}
2026-09-28T16:56:33.7668462Z In file included from ./ptrace/ptrace.c:34:
2026-09-28T16:56:33.7669065Z ./ptrace/user.h:49:20: note: in a call to function ‘convert_user_regs_struct’
2026-09-28T16:56:33.7669656Z    49 | static inline void convert_user_regs_struct(bool reverse UNUSED,
2026-09-28T16:56:33.7670109Z       |                    ^~~~~~~~~~~~~~~~~~~~~~~~
2026-09-28T16:56:33.7857779Z   CC	ptrace/user.o
2026-09-28T16:56:33.8091433Z   CC	ptrace/wait.o
2026-09-28T16:56:33.8360155Z   CC	extension/ashmem_memfd/ashmem_memfd.o
2026-09-28T16:56:33.8479260Z   CC	extension/kompat/kompat.o
2026-09-28T16:56:33.8797174Z   CC	extension/fake_id0/chown.o
2026-09-28T16:56:33.9028878Z ./extension/kompat/kompat.c: In function ‘parse_utsname’:
2026-09-28T16:56:33.9029964Z ./extension/kompat/kompat.c:939:17: warning: ‘__builtin_strncpy’ specified bound depends on the length of the source argument [-Wstringop-truncation]
2026-09-28T16:56:33.9030795Z   939 |                 strncpy(config->utsname.release, string, length);
2026-09-28T16:56:33.9031209Z       |                 ^
2026-09-28T16:56:33.9031567Z In file included from ./extension/kompat/kompat.c:35:
2026-09-28T16:56:33.9032695Z ./extension/kompat/kompat.c:938:30: note: length computed here
2026-09-28T16:56:33.9033282Z   938 |                 length = MIN(strlen(string), sizeof(config->utsname.release) - 1);
2026-09-28T16:56:33.9033724Z       |                              ^
2026-09-28T16:56:33.9142968Z   CC	extension/fake_id0/chroot.o
2026-09-28T16:56:33.9357252Z ./extension/fake_id0/chroot.c: In function ‘handle_chroot_exit_end’:
2026-09-28T16:56:33.9358363Z ./extension/fake_id0/chroot.c:54:9: warning: ignoring return value of ‘realpath’ declared with attribute ‘warn_unused_result’ [-Wunused-result]
2026-09-28T16:56:33.9359120Z    54 |         realpath(path, path_host_absolute);
2026-09-28T16:56:33.9359531Z       |         ^~~~~~~~~~~~~~~~~~~~~~~~~~~~~~~~~~
2026-09-28T16:56:33.9621828Z   CC	extension/fake_id0/getsockopt.o
2026-09-28T16:56:33.9980187Z   CC	extension/fake_id0/sendmsg.o
2026-09-28T16:56:33.9993853Z   CC	extension/fake_id0/socket.o
2026-09-28T16:56:34.0290437Z   CC	extension/fake_id0/open.o
2026-09-28T16:56:34.0566300Z   CC	extension/fake_id0/unlink.o
2026-09-28T16:56:34.0682988Z   CC	extension/fake_id0/rename.o
2026-09-28T16:56:34.0909505Z   CC	extension/fake_id0/chmod.o
2026-09-28T16:56:34.1070759Z   CC	extension/fake_id0/utimensat.o
2026-09-28T16:56:34.1261729Z   CC	extension/fake_id0/access.o
2026-09-28T16:56:34.1475394Z   CC	extension/fake_id0/exec.o
2026-09-28T16:56:34.1632711Z   CC	extension/fake_id0/link.o
2026-09-28T16:56:34.1664506Z ./extension/fake_id0/exec.c: In function ‘handle_exec_enter_end’:
2026-09-28T16:56:34.1665317Z ./extension/fake_id0/exec.c:36:18: warning: ‘check_dir_perms’ accessing 4096 bytes in a region of size 2 [-Wstringop-overflow=]
2026-09-28T16:56:34.1665930Z    36 |         status = check_dir_perms(tracee, 'r', meta_path, "/", config);
2026-09-28T16:56:34.1666315Z       |                  ^~~~~~~~~~~~~~~~~~~~~~~~~~~~~~~~~~~~~~~~~~~~~~~~~~~~
2026-09-28T16:56:34.1666808Z ./extension/fake_id0/exec.c:36:18: note: referencing argument 4 of type ‘char[4096]’
2026-09-28T16:56:34.1667511Z In file included from ./extension/fake_id0/exec.c:7:
2026-09-28T16:56:34.1668197Z ./extension/fake_id0/helper_functions.h:12:5: note: in a call to function ‘check_dir_perms’
2026-09-28T16:56:34.1668942Z    12 | int check_dir_perms(Tracee *tracee, char type, char path[PATH_MAX], char rel_path[PATH_MAX], Config *config);
2026-09-28T16:56:34.1669532Z       |     ^~~~~~~~~~~~~~~
2026-09-28T16:56:34.1810610Z   CC	extension/fake_id0/symlink.o
2026-09-28T16:56:34.1948513Z   CC	extension/fake_id0/mk.o
2026-09-28T16:56:34.2117058Z   CC	extension/fake_id0/stat.o
2026-09-28T16:56:34.2272309Z   CC	extension/fake_id0/helper_functions.o
2026-09-28T16:56:34.2531048Z ./extension/fake_id0/helper_functions.c: In function ‘get_permissions’:
2026-09-28T16:56:34.2532213Z ./extension/fake_id0/helper_functions.c:183:9: warning: this ‘else’ clause does not guard... [-Wmisleading-indentation]
2026-09-28T16:56:34.2532754Z   183 |         else
2026-09-28T16:56:34.2532945Z       |         ^~~~
2026-09-28T16:56:34.2533697Z ./extension/fake_id0/helper_functions.c:185:17: note: ...this statement, but the latter is misleadingly indented as if it were guarded by the ‘else’
2026-09-28T16:56:34.2534315Z   185 |                 emulated_gid = config->egid;
2026-09-28T16:56:34.2534591Z       |                 ^~~~~~~~~~~~
2026-09-28T16:56:34.2545082Z ./extension/fake_id0/helper_functions.c:197:23: warning: this statement may fall through [-Wimplicit-fallthrough=]
2026-09-28T16:56:34.2545616Z   197 |                 omode /= 10;
2026-09-28T16:56:34.2545845Z       |                 ~~~~~~^~~~~
2026-09-28T16:56:34.2546138Z ./extension/fake_id0/helper_functions.c:198:9: note: here
2026-09-28T16:56:34.2546440Z   198 |         case GROUP_PERMS:
2026-09-28T16:56:34.2546656Z       |         ^~~~
2026-09-28T16:56:34.2547081Z ./extension/fake_id0/helper_functions.c:199:23: warning: this statement may fall through [-Wimplicit-fallthrough=]
2026-09-28T16:56:34.2547556Z   199 |                 omode /= 10;
2026-09-28T16:56:34.2547785Z       |                 ~~~~~~^~~~~
2026-09-28T16:56:34.2548448Z ./extension/fake_id0/helper_functions.c:200:9: note: here
2026-09-28T16:56:34.2548763Z   200 |         case OTHER_PERMS:
2026-09-28T16:56:34.2548984Z       |         ^~~~
2026-09-28T16:56:34.2549481Z ./extension/fake_id0/helper_functions.c: In function ‘read_meta_file’:
2026-09-28T16:56:34.2550312Z ./extension/fake_id0/helper_functions.c:322:9: warning: ignoring return value of ‘fscanf’ declared with attribute ‘warn_unused_result’ [-Wunused-result]
2026-09-28T16:56:34.2550973Z   322 |         fscanf(fp, "%d %d %d ", &lcl_mode, owner, group);
2026-09-28T16:56:34.2551294Z       |         ^~~~~~~~~~~~~~~~~~~~~~~~~~~~~~~~~~~~~~~~~~~~~~~~
2026-09-28T16:56:34.2575275Z   CC	extension/fake_id0/fake_id0.o
2026-09-28T16:56:34.2915147Z ./extension/fake_id0/fake_id0.c: In function ‘handle_sysenter_end’:
2026-09-28T16:56:34.2915937Z ./extension/fake_id0/fake_id0.c:738:28: warning: this statement may fall through [-Wimplicit-fallthrough=]
2026-09-28T16:56:34.2916529Z   738 |                 gid_sysarg = SYSARG_4;
2026-09-28T16:56:34.2916945Z       |                 ~~~~~~~~~~~^~~~~~~~~~
2026-09-28T16:56:34.2917319Z ./extension/fake_id0/fake_id0.c:739:9: note: here
2026-09-28T16:56:34.2917680Z   739 |         case PR_chown:
2026-09-28T16:56:34.2917963Z       |         ^~~~
2026-09-28T16:56:34.2921032Z ./extension/fake_id0/fake_id0.c: In function ‘handle_sysexit_end’:
2026-09-28T16:56:34.2922413Z ./extension/fake_id0/fake_id0.c:1052:29: warning: this statement may fall through [-Wimplicit-fallthrough=]
2026-09-28T16:56:34.2922895Z  1052 |                 stat_sysarg = SYSARG_3;
2026-09-28T16:56:34.2923168Z       |                 ~~~~~~~~~~~~^~~~~~~~~~
2026-09-28T16:56:34.2923657Z ./extension/fake_id0/fake_id0.c:1053:9: note: here
2026-09-28T16:56:34.2924071Z  1053 |         case PR_stat64:
2026-09-28T16:56:34.2924373Z       |         ^~~~
2026-09-28T16:56:34.3136512Z   CC	extension/hidden_files/hidden_files.o
2026-09-28T16:56:34.3695487Z   CC	extension/mountinfo/mountinfo.o
2026-09-28T16:56:34.4062923Z ./extension/mountinfo/mountinfo.c: In function ‘mountinfo_check_open_path’:
2026-09-28T16:56:34.4063829Z ./extension/mountinfo/mountinfo.c:184:25: warning: ‘__builtin_strncpy’ specified bound 4096 equals destination size [-Wstringop-truncation]
2026-09-28T16:56:34.4064463Z   184 |                         strncpy(path, new_path, PATH_MAX);
2026-09-28T16:56:34.4064774Z       |                         ^
2026-09-28T16:56:34.4355878Z   CC	extension/port_switch/port_switch.o
2026-09-28T16:56:34.4605044Z ./extension/port_switch/port_switch.c: In function ‘mod_port’:
2026-09-28T16:56:34.4606159Z ./extension/port_switch/port_switch.c:174:100: warning: ‘sizeof’ on array function parameter ‘socketcall_arg2’ will return size of ‘long int *’ [-Wsizeof-array-argument]
2026-09-28T16:56:34.4607044Z   174 |                     write_data(tracee, peek_reg(tracee, CURRENT, SYSARG_2), socketcall_arg2, sizeof(socketcall_arg2));
2026-09-28T16:56:34.4607634Z       |                                                                                                    ^
2026-09-28T16:56:34.4608285Z ./extension/port_switch/port_switch.c:145:121: note: declared here
2026-09-28T16:56:34.4609034Z   145 | void mod_port(Tracee *tracee, bool is_socketcall, bool is_bind, bool is_udp, struct sockaddr_storage *my_sockaddr, long socketcall_arg2[]) {
2026-09-28T16:56:34.4609868Z       |                                                                                                                    ~~~~~^~~~~~~~~~~~~~~~~
2026-09-28T16:56:34.4610942Z ./extension/port_switch/port_switch.c:182:100: warning: ‘sizeof’ on array function parameter ‘socketcall_arg2’ will return size of ‘long int *’ [-Wsizeof-array-argument]
2026-09-28T16:56:34.4612100Z   182 |                     write_data(tracee, peek_reg(tracee, CURRENT, SYSARG_2), socketcall_arg2, sizeof(socketcall_arg2));
2026-09-28T16:56:34.4612771Z       |                                                                                                    ^
2026-09-28T16:56:34.4613808Z ./extension/port_switch/port_switch.c:145:121: note: declared here
2026-09-28T16:56:34.4614604Z   145 | void mod_port(Tracee *tracee, bool is_socketcall, bool is_bind, bool is_udp, struct sockaddr_storage *my_sockaddr, long socketcall_arg2[]) {
2026-09-28T16:56:34.4615389Z       |                                                                                                                    ~~~~~^~~~~~~~~~~~~~~~~
2026-09-28T16:56:34.4616447Z ./extension/port_switch/port_switch.c:204:100: warning: ‘sizeof’ on array function parameter ‘socketcall_arg2’ will return size of ‘long int *’ [-Wsizeof-array-argument]
2026-09-28T16:56:34.4617441Z   204 |                     write_data(tracee, peek_reg(tracee, CURRENT, SYSARG_2), socketcall_arg2, sizeof(socketcall_arg2));
2026-09-28T16:56:34.4618102Z       |                                                                                                    ^
2026-09-28T16:56:34.4618610Z ./extension/port_switch/port_switch.c:145:121: note: declared here
2026-09-28T16:56:34.4619360Z   145 | void mod_port(Tracee *tracee, bool is_socketcall, bool is_bind, bool is_udp, struct sockaddr_storage *my_sockaddr, long socketcall_arg2[]) {
2026-09-28T16:56:34.4620147Z       |                                                                                                                    ~~~~~^~~~~~~~~~~~~~~~~
2026-09-28T16:56:34.4621461Z ./extension/port_switch/port_switch.c:212:100: warning: ‘sizeof’ on array function parameter ‘socketcall_arg2’ will return size of ‘long int *’ [-Wsizeof-array-argument]
2026-09-28T16:56:34.4622663Z   212 |                     write_data(tracee, peek_reg(tracee, CURRENT, SYSARG_2), socketcall_arg2, sizeof(socketcall_arg2));
2026-09-28T16:56:34.4623313Z       |                                                                                                    ^
2026-09-28T16:56:34.4623805Z ./extension/port_switch/port_switch.c:145:121: note: declared here
2026-09-28T16:56:34.4624547Z   145 | void mod_port(Tracee *tracee, bool is_socketcall, bool is_bind, bool is_udp, struct sockaddr_storage *my_sockaddr, long socketcall_arg2[]) {
2026-09-28T16:56:34.4625317Z       |                                                                                                                    ~~~~~^~~~~~~~~~~~~~~~~
2026-09-28T16:56:34.5007640Z   CC	extension/sysvipc/sysvipc.o
2026-09-28T16:56:34.5065821Z   CC	extension/sysvipc/sysvipc_msg.o
2026-09-28T16:56:34.5338938Z ./extension/sysvipc/sysvipc.c: In function ‘sysvipc_callback’:
2026-09-28T16:56:34.5339551Z ./extension/sysvipc/sysvipc.c:216:9: warning: this statement may fall through [-Wimplicit-fallthrough=]
2026-09-28T16:56:34.5340003Z   216 |         {
2026-09-28T16:56:34.5340183Z       |         ^
2026-09-28T16:56:34.5340395Z ./extension/sysvipc/sysvipc.c:243:9: note: here
2026-09-28T16:56:34.5340665Z   243 |         case SIGSYS_OCC:
2026-09-28T16:56:34.5340882Z       |         ^~~~
2026-09-28T16:56:34.5341270Z ./extension/sysvipc/sysvipc.c:251:9: warning: this statement may fall through [-Wimplicit-fallthrough=]
2026-09-28T16:56:34.5341710Z   251 |         {
2026-09-28T16:56:34.5342089Z       |         ^
2026-09-28T16:56:34.5342336Z ./extension/sysvipc/sysvipc.c:296:9: note: here
2026-09-28T16:56:34.5342627Z   296 |         case SYSCALL_CHAINED_ENTER:
2026-09-28T16:56:34.5342868Z       |         ^~~~
2026-09-28T16:56:34.5343598Z ./extension/sysvipc/sysvipc.c: In function ‘sysvipc_syscall_common’:
2026-09-28T16:56:34.5344294Z ./extension/sysvipc/sysvipc.c:60:27: warning: this statement may fall through [-Wimplicit-fallthrough=]
2026-09-28T16:56:34.5344901Z    60 |                 timeout = peek_reg(tracee, CURRENT, SYSARG_4);
2026-09-28T16:56:34.5345328Z       |                           ^~~~~~~~~~~~~~~~~~~~~~~~~~~~~~~~~~~
2026-09-28T16:56:34.5345750Z ./extension/sysvipc/sysvipc.c:62:9: note: here
2026-09-28T16:56:34.5346117Z    62 |         case PR_semop:
2026-09-28T16:56:34.5346411Z       |         ^~~~
2026-09-28T16:56:34.5901451Z   CC	extension/sysvipc/sysvipc_sem.o
2026-09-28T16:56:34.6113220Z ./extension/sysvipc/sysvipc_sem.c: In function ‘sysvipc_semop’:
2026-09-28T16:56:34.6114436Z ./extension/sysvipc/sysvipc_sem.c:149:37: warning: comparison is always false due to limited range of data type [-Wtype-limits]
2026-09-28T16:56:34.6115218Z   149 |                 if (sops[i].sem_num < 0 || sops[i].sem_num >= semaphore->nsems) {
2026-09-28T16:56:34.6115683Z       |                                     ^
2026-09-28T16:56:34.6123629Z   CC	extension/sysvipc/sysvipc_shm.o
2026-09-28T16:56:34.6543078Z ./extension/sysvipc/sysvipc_shm.c: In function ‘sysvipc_shm_send_helper_request’:
2026-09-28T16:56:34.6544225Z ./extension/sysvipc/sysvipc_shm.c:188:9: warning: ignoring return value of ‘write’ declared with attribute ‘warn_unused_result’ [-Wunused-result]
2026-09-28T16:56:34.6545022Z   188 |         write(proot2helper, request, sizeof(*request));
2026-09-28T16:56:34.6545442Z       |         ^~~~~~~~~~~~~~~~~~~~~~~~~~~~~~~~~~~~~~~~~~~~~~
2026-09-28T16:56:34.6558719Z ./extension/sysvipc/sysvipc_shm.c: In function ‘sysvipc_shm_helper_main’:
2026-09-28T16:56:34.6559735Z ./extension/sysvipc/sysvipc_shm.c:860:9: warning: ignoring return value of ‘write’ declared with attribute ‘warn_unused_result’ [-Wunused-result]
2026-09-28T16:56:34.6560503Z   860 |         write(1, addr.sun_path, SYSVIPC_SHMHELPER_SOCKET_LEN);
2026-09-28T16:56:34.6560949Z       |         ^~~~~~~~~~~~~~~~~~~~~~~~~~~~~~~~~~~~~~~~~~~~~~~~~~~~~
2026-09-28T16:56:34.6562790Z ./extension/sysvipc/sysvipc_shm.c:879:25: warning: ignoring return value of ‘write’ declared with attribute ‘warn_unused_result’ [-Wunused-result]
2026-09-28T16:56:34.6563703Z   879 |                         write(1, &fd, sizeof(int));
2026-09-28T16:56:34.6564316Z       |                         ^~~~~~~~~~~~~~~~~~~~~~~~~~
2026-09-28T16:56:34.6808484Z   CC	extension/link2symlink/link2symlink.o
2026-09-28T16:56:34.8026880Z ./extension/sysvipc/sysvipc_shm.c:839:17: warning: ‘__builtin_strncpy’ specified bound 108 equals destination size [-Wstringop-truncation]
2026-09-28T16:56:34.8027637Z   839 |                 strncpy(addr.sun_path, path, sizeof(addr.sun_path));
2026-09-28T16:56:34.8027969Z       |                 ^
2026-09-28T16:56:34.8233517Z ./extension/link2symlink/link2symlink.c: In function ‘decrement_link_count’:
2026-09-28T16:56:34.8234527Z ./extension/link2symlink/link2symlink.c:701:17: warning: ‘__builtin___strncpy_chk’ specified bound depends on the length of the source argument [-Wstringop-truncation]
2026-09-28T16:56:34.8235302Z   701 |                 strncpy(new_final, final, strlen(final) - 4);
2026-09-28T16:56:34.8235610Z       |                 ^
2026-09-28T16:56:34.8235934Z ./extension/link2symlink/link2symlink.c:701:43: note: length computed here
2026-09-28T16:56:34.8236355Z   701 |                 strncpy(new_final, final, strlen(final) - 4);
2026-09-28T16:56:34.8236684Z       |                                           ^~~~~~~~~~~~~
2026-09-28T16:56:34.8266097Z   CC	extension/fix_symlink_size/fix_symlink_size.o
2026-09-28T16:56:34.8399929Z ./extension/link2symlink/link2symlink.c: In function ‘move_and_symlink_path’:
2026-09-28T16:56:34.8401006Z ./extension/link2symlink/link2symlink.c:562:25: warning: ‘__builtin___strncpy_chk’ specified bound depends on the length of the source argument [-Wstringop-truncation]
2026-09-28T16:56:34.8401834Z   562 |                         strncpy(intermediate, original, strlen(original) - strlen(name));
2026-09-28T16:56:34.8402398Z       |                         ^
2026-09-28T16:56:34.8402739Z ./extension/link2symlink/link2symlink.c:559:46: note: length computed here
2026-09-28T16:56:34.8403179Z   559 |                         if (strlen(PREFIX) + strlen(original) + 5 >= PATH_MAX)
2026-09-28T16:56:34.8403539Z       |                                              ^~~~~~~~~~~~~~~~
2026-09-28T16:56:34.8404400Z ./extension/link2symlink/link2symlink.c:604:17: warning: ‘__builtin___strncpy_chk’ specified bound depends on the length of the source argument [-Wstringop-truncation]
2026-09-28T16:56:34.8405128Z   604 |                 strncpy(new_final, final, strlen(final) - 4);
2026-09-28T16:56:34.8405909Z       |                 ^
2026-09-28T16:56:34.8406250Z ./extension/link2symlink/link2symlink.c:604:43: note: length computed here
2026-09-28T16:56:34.8406676Z   604 |                 strncpy(new_final, final, strlen(final) - 4);
2026-09-28T16:56:34.8407000Z       |                                           ^~~~~~~~~~~~~
2026-09-28T16:56:34.8731465Z   CC	loader/loader.o
2026-09-28T16:56:34.8860109Z   CC	loader/assembly.o
2026-09-28T16:56:34.8976833Z In file included from ./loader/loader.c:37:
2026-09-28T16:56:34.8977506Z ./loader/loader.c: In function ‘_start’:
2026-09-28T16:56:34.8978172Z ./loader/assembly-arm64.h:31:9: warning: listing the stack pointer register ‘sp’ in a clobber list is deprecated [-Wdeprecated]
2026-09-28T16:56:34.8978767Z    31 |         asm volatile (                                          \
2026-09-28T16:56:34.8979059Z       |         ^~~
2026-09-28T16:56:34.8979379Z ./loader/loader.c:253:33: note: in expansion of macro ‘BRANCH’
2026-09-28T16:56:34.8979857Z   253 |                                 BRANCH(stmt->start.stack_pointer, stmt->start.entry_point);
2026-09-28T16:56:34.8980233Z       |                                 ^~~~~~
2026-09-28T16:56:34.8980906Z ./loader/assembly-arm64.h:31:9: note: the value of the stack pointer after an ‘asm’ statement must be the same as it was before the statement
2026-09-28T16:56:34.8982125Z    31 |         asm volatile (                                          \
2026-09-28T16:56:34.8982426Z       |         ^~~
2026-09-28T16:56:34.8982799Z ./loader/loader.c:253:33: note: in expansion of macro ‘BRANCH’
2026-09-28T16:56:34.8983227Z   253 |                                 BRANCH(stmt->start.stack_pointer, stmt->start.entry_point);
2026-09-28T16:56:34.8983601Z       |                                 ^~~~~~
2026-09-28T16:56:34.9144991Z   LD	loader/loader
2026-09-28T16:56:34.9184620Z python3 loader/loader-info.py loader/loader > loader/loader-info.c
2026-09-28T16:56:34.9279098Z   GEN	build.h
2026-09-28T16:56:34.9371724Z   CC	cli/cli.o
2026-09-28T16:56:34.9469914Z   CC	cli/proot.o
2026-09-28T16:56:34.9756496Z ./cli/proot.c: In function ‘handle_option_V’:
2026-09-28T16:56:34.9757243Z ./cli/proot.c:226:17: warning: ignoring return value of ‘write’ declared with attribute ‘warn_unused_result’ [-Wunused-result]
2026-09-28T16:56:34.9757820Z   226 |                 write(1, &_binary_licenses_start, size);
2026-09-28T16:56:34.9758186Z       |                 ^~~~~~~~~~~~~~~~~~~~~~~~~~~~~~~~~~~~~~~
2026-09-28T16:56:35.0387405Z   CC	execve/aoxp.o
2026-09-28T16:56:35.0672843Z   CC	path/path.o
2026-09-28T16:56:35.1331231Z   CC	syscall/seccomp.o
2026-09-28T16:56:35.2030625Z   CC	tracee/mem.o
2026-09-28T16:56:35.2103802Z   CC	extension/extension.o
2026-09-28T16:56:35.2566481Z   CC	loader/loader-info.o
2026-09-28T16:56:35.3209578Z   LD	proot
2026-09-28T16:56:35.3280596Z /usr/bin/ld: syscall/socket.o: in function `translate_socketcall_enter':
2026-09-28T16:56:35.3281203Z socket.c:(.text+0x1e8): warning: the use of `mktemp' is dangerous, better use `mkstemp' or `mkdtemp'
2026-09-28T16:56:35.3436624Z rm .check_seccomp_filter.o .check_process_vm.o .check_seccomp_filter .check_process_vm
2026-09-28T16:56:35.3437332Z make: Leaving directory '/home/runner/work/coh-android/coh-android/out/android/proot-build-linux-arm64/proot/src'
2026-09-28T16:56:35.3792775Z {"status": "native_built_runtime_unverified", "target": "linux-arm64", "output": "/home/runner/work/coh-android/coh-android/out/android/native/linux-arm64"}
2026-09-28T16:56:35.3918495Z ##[group]Run python3 tools/android/game/host_game_smoke.py --assets out/android/assets/runtime --package out/wine-game --data out/game-data --schema out/dbserver-schema --stack-probe out/stack-probe
2026-09-28T16:56:35.3919851Z [36;1mpython3 tools/android/game/host_game_smoke.py --assets out/android/assets/runtime --package out/wine-game --data out/game-data --schema out/dbserver-schema --stack-probe out/stack-probe[0m
2026-09-28T16:56:35.3956574Z shell: /usr/bin/bash -e {0}
2026-09-28T16:56:35.3956822Z ##[endgroup]
2026-09-28T16:57:11.0832380Z COH_RUNTIME_EXTRACT_V1 PASS /home/runner/work/coh-android/coh-android/out/android/cache/base.tar.gz /home/runner/work/coh-android/coh-android/out/android/game-host/rootfs
2026-09-28T16:57:11.0833557Z COH_RUNTIME_EXTRACT_V1 PASS /home/runner/work/coh-android/coh-android/out/android/cache/wine.tar.gz /home/runner/work/coh-android/coh-android/out/android/game-host/wine
2026-09-28T16:57:11.0834831Z COH_RUNTIME_EXTRACT_V1 PASS /home/runner/work/coh-android/coh-android/out/android/assets/runtime/postgresql-runtime.tar.gz /home/runner/work/coh-android/coh-android/out/android/game-host/pg
2026-09-28T16:57:12.2153119Z {"type": "stage", "stage": "game_private_runtime", "status": "running", "time_utc": "2026-09-28T16:57:12.032376+00:00"}
2026-09-28T16:57:12.2154483Z {"type": "stage", "stage": "game_private_runtime", "status": "running", "time_utc": "2026-09-28T16:57:12.034262+00:00", "message": "Staging verified game inputs", "files": 1}
2026-09-28T16:57:17.2162789Z {"type": "stage", "stage": "game_private_runtime", "status": "running", "time_utc": "2026-09-28T16:57:17.035400+00:00", "message": "Staging verified game inputs", "files": 3660}
2026-09-28T16:57:22.2171142Z {"type": "stage", "stage": "game_private_runtime", "status": "running", "time_utc": "2026-09-28T16:57:22.036135+00:00", "message": "Staging verified game inputs", "files": 7320}
2026-09-28T16:57:27.2178420Z {"type": "stage", "stage": "game_private_runtime", "status": "running", "time_utc": "2026-09-28T16:57:27.037385+00:00", "message": "Staging verified game inputs", "files": 11098}
2026-09-28T16:57:32.2187906Z {"type": "stage", "stage": "game_private_runtime", "status": "running", "time_utc": "2026-09-28T16:57:32.037783+00:00", "message": "Staging verified game inputs", "files": 14515}
2026-09-28T16:57:37.2198194Z {"type": "stage", "stage": "game_private_runtime", "status": "running", "time_utc": "2026-09-28T16:57:37.039239+00:00", "message": "Staging verified game inputs", "files": 18019}
2026-09-28T16:57:42.2206435Z {"type": "stage", "stage": "game_private_runtime", "status": "running", "time_utc": "2026-09-28T16:57:42.039611+00:00", "message": "Staging verified game inputs", "files": 21457}
2026-09-28T16:57:47.2214465Z {"type": "stage", "stage": "game_private_runtime", "status": "running", "time_utc": "2026-09-28T16:57:47.040333+00:00", "message": "Staging verified game inputs", "files": 24924}
2026-09-28T16:57:52.2221216Z {"type": "stage", "stage": "game_private_runtime", "status": "running", "time_utc": "2026-09-28T16:57:52.041095+00:00", "message": "Staging verified game inputs", "files": 28403}
2026-09-28T16:57:57.2230407Z {"type": "stage", "stage": "game_private_runtime", "status": "running", "time_utc": "2026-09-28T16:57:57.042310+00:00", "message": "Staging verified game inputs", "files": 31866}
2026-09-28T16:58:02.2238209Z {"type": "stage", "stage": "game_private_runtime", "status": "running", "time_utc": "2026-09-28T16:58:02.043005+00:00", "message": "Staging verified game inputs", "files": 35347}
2026-09-28T16:58:07.2245450Z {"type": "stage", "stage": "game_private_runtime", "status": "running", "time_utc": "2026-09-28T16:58:07.043377+00:00", "message": "Staging verified game inputs", "files": 38736}
2026-09-28T16:58:12.2252704Z {"type": "stage", "stage": "game_private_runtime", "status": "running", "time_utc": "2026-09-28T16:58:12.044780+00:00", "message": "Staging verified game inputs", "files": 42078}
2026-09-28T16:58:17.2259479Z {"type": "stage", "stage": "game_private_runtime", "status": "running", "time_utc": "2026-09-28T16:58:17.046352+00:00", "message": "Staging verified game inputs", "files": 45463}
2026-09-28T16:58:22.2266235Z {"type": "stage", "stage": "game_private_runtime", "status": "running", "time_utc": "2026-09-28T16:58:22.046547+00:00", "message": "Staging verified game inputs", "files": 49015}
2026-09-28T16:58:27.2272103Z {"type": "stage", "stage": "game_private_runtime", "status": "running", "time_utc": "2026-09-28T16:58:27.047864+00:00", "message": "Staging verified game inputs", "files": 52408}
2026-09-28T16:58:32.2282151Z {"type": "stage", "stage": "game_private_runtime", "status": "running", "time_utc": "2026-09-28T16:58:32.048414+00:00", "message": "Staging verified game inputs", "files": 55944}
2026-09-28T16:58:37.2293955Z {"type": "stage", "stage": "game_private_runtime", "status": "running", "time_utc": "2026-09-28T16:58:37.049368+00:00", "message": "Staging verified game inputs", "files": 59431}
2026-09-28T16:58:42.2300875Z {"type": "stage", "stage": "game_private_runtime", "status": "running", "time_utc": "2026-09-28T16:58:42.049917+00:00", "message": "Staging verified game inputs", "files": 62762}
2026-09-28T16:58:47.2310104Z {"type": "stage", "stage": "game_private_runtime", "status": "running", "time_utc": "2026-09-28T16:58:47.050911+00:00", "message": "Staging verified game inputs", "files": 66105}
2026-09-28T16:58:52.2320821Z {"type": "stage", "stage": "game_private_runtime", "status": "running", "time_utc": "2026-09-28T16:58:52.051481+00:00", "message": "Staging verified game inputs", "files": 69639}
2026-09-28T16:58:57.2327218Z {"type": "stage", "stage": "game_private_runtime", "status": "running", "time_utc": "2026-09-28T16:58:57.052456+00:00", "message": "Staging verified game inputs", "files": 73097}
2026-09-28T16:59:02.2337580Z {"type": "stage", "stage": "game_private_runtime", "status": "running", "time_utc": "2026-09-28T16:59:02.053649+00:00", "message": "Staging verified game inputs", "files": 76264}
2026-09-28T16:59:07.2345383Z {"type": "stage", "stage": "game_private_runtime", "status": "running", "time_utc": "2026-09-28T16:59:07.055094+00:00", "message": "Staging verified game inputs", "files": 79312}
2026-09-28T16:59:12.2352248Z {"type": "stage", "stage": "game_private_runtime", "status": "running", "time_utc": "2026-09-28T16:59:12.055394+00:00", "message": "Staging verified game inputs", "files": 82291}
2026-09-28T16:59:17.2359918Z {"type": "stage", "stage": "game_private_runtime", "status": "running", "time_utc": "2026-09-28T16:59:17.055993+00:00", "message": "Staging verified game inputs", "files": 85559}
2026-09-28T16:59:22.2369062Z {"type": "stage", "stage": "game_private_runtime", "status": "running", "time_utc": "2026-09-28T16:59:22.056943+00:00", "message": "Staging verified game inputs", "files": 88777}
2026-09-28T16:59:27.2377825Z {"type": "stage", "stage": "game_private_runtime", "status": "running", "time_utc": "2026-09-28T16:59:27.058329+00:00", "message": "Staging verified game inputs", "files": 92236}
2026-09-28T16:59:32.2385200Z {"type": "stage", "stage": "game_private_runtime", "status": "running", "time_utc": "2026-09-28T16:59:32.058576+00:00", "message": "Staging verified game inputs", "files": 95412}
2026-09-28T16:59:37.2391464Z {"type": "stage", "stage": "game_private_runtime", "status": "running", "time_utc": "2026-09-28T16:59:37.059588+00:00", "message": "Staging verified game inputs", "files": 98297}
2026-09-28T16:59:42.2399405Z {"type": "stage", "stage": "game_private_runtime", "status": "running", "time_utc": "2026-09-28T16:59:42.060059+00:00", "message": "Staging verified game inputs", "files": 101742}
2026-09-28T16:59:47.2406867Z {"type": "stage", "stage": "game_private_runtime", "status": "running", "time_utc": "2026-09-28T16:59:47.061206+00:00", "message": "Staging verified game inputs", "files": 105294}
2026-09-28T16:59:52.2414122Z {"type": "stage", "stage": "game_private_runtime", "status": "running", "time_utc": "2026-09-28T16:59:52.062375+00:00", "message": "Staging verified game inputs", "files": 108750}
2026-09-28T16:59:57.2423254Z {"type": "stage", "stage": "game_private_runtime", "status": "running", "time_utc": "2026-09-28T16:59:57.063670+00:00", "message": "Staging verified game inputs", "files": 112284}
2026-09-28T17:00:02.2435161Z {"type": "stage", "stage": "game_private_runtime", "status": "running", "time_utc": "2026-09-28T17:00:02.064728+00:00", "message": "Staging verified game inputs", "files": 115808}
2026-09-28T17:00:07.2442483Z {"type": "stage", "stage": "game_private_runtime", "status": "running", "time_utc": "2026-09-28T17:00:07.066093+00:00", "message": "Staging verified game inputs", "files": 119277}
2026-09-28T17:00:12.2451048Z {"type": "stage", "stage": "game_private_runtime", "status": "running", "time_utc": "2026-09-28T17:00:12.067296+00:00", "message": "Staging verified game inputs", "files": 122804}
2026-09-28T17:00:17.2458215Z {"type": "stage", "stage": "game_private_runtime", "status": "running", "time_utc": "2026-09-28T17:00:17.067929+00:00", "message": "Staging verified game inputs", "files": 126324}
2026-09-28T17:00:22.2467120Z {"type": "stage", "stage": "game_private_runtime", "status": "running", "time_utc": "2026-09-28T17:00:22.068886+00:00", "message": "Staging verified game inputs", "files": 129840}
2026-09-28T17:00:27.2476831Z {"type": "stage", "stage": "game_private_runtime", "status": "running", "time_utc": "2026-09-28T17:00:27.069478+00:00", "message": "Staging verified game inputs", "files": 133331}
2026-09-28T17:00:32.2484485Z {"type": "stage", "stage": "game_private_runtime", "status": "running", "time_utc": "2026-09-28T17:00:32.069749+00:00", "message": "Staging verified game inputs", "files": 136847}
2026-09-28T17:00:37.2492764Z {"type": "stage", "stage": "game_private_runtime", "status": "running", "time_utc": "2026-09-28T17:00:37.070947+00:00", "message": "Staging verified game inputs", "files": 140307}
2026-09-28T17:00:42.2500536Z {"type": "stage", "stage": "game_private_runtime", "status": "running", "time_utc": "2026-09-28T17:00:42.071347+00:00", "message": "Staging verified game inputs", "files": 143819}
2026-09-28T17:00:47.2510170Z {"type": "stage", "stage": "game_private_runtime", "status": "running", "time_utc": "2026-09-28T17:00:47.072240+00:00", "message": "Staging verified game inputs", "files": 147336}
2026-09-28T17:00:52.2524115Z {"type": "stage", "stage": "game_private_runtime", "status": "running", "time_utc": "2026-09-28T17:00:52.073530+00:00", "message": "Staging verified game inputs", "files": 150831}
2026-09-28T17:00:57.2553849Z {"type": "stage", "stage": "game_private_runtime", "status": "running", "time_utc": "2026-09-28T17:00:57.075023+00:00", "message": "Staging verified game inputs", "files": 154346}
2026-09-28T17:01:02.2565750Z {"type": "stage", "stage": "game_private_runtime", "status": "running", "time_utc": "2026-09-28T17:01:02.076099+00:00", "message": "Staging verified game inputs", "files": 157802}
2026-09-28T17:01:07.2571760Z {"type": "stage", "stage": "game_private_runtime", "status": "running", "time_utc": "2026-09-28T17:01:07.076945+00:00", "message": "Staging verified game inputs", "files": 161103}
2026-09-28T17:01:12.2580227Z {"type": "stage", "stage": "game_private_runtime", "status": "running", "time_utc": "2026-09-28T17:01:12.077668+00:00", "message": "Staging verified game inputs", "files": 164305}
2026-09-28T17:01:17.2589998Z {"type": "stage", "stage": "game_private_runtime", "status": "running", "time_utc": "2026-09-28T17:01:17.078243+00:00", "message": "Staging verified game inputs", "files": 167548}
2026-09-28T17:01:22.2599878Z {"type": "stage", "stage": "game_private_runtime", "status": "running", "time_utc": "2026-09-28T17:01:22.078492+00:00", "message": "Staging verified game inputs", "files": 170639}
2026-09-28T17:01:29.2613139Z {"type": "stage", "stage": "game_private_runtime", "status": "passed", "time_utc": "2026-09-28T17:01:28.972247+00:00"}
2026-09-28T17:01:29.2615413Z {"type": "stage", "stage": "assets_and_architecture", "status": "running", "time_utc": "2026-09-28T17:01:28.997086+00:00"}
2026-09-28T17:01:29.2616637Z {"type": "stage", "stage": "assets_and_architecture", "status": "passed", "time_utc": "2026-09-28T17:01:29.015198+00:00"}
2026-09-28T17:01:29.2617374Z {"type": "stage", "stage": "initialize_owned_cluster", "status": "running", "time_utc": "2026-09-28T17:01:29.015389+00:00"}
2026-09-28T17:01:31.2618039Z {"type": "stage", "stage": "initialize_owned_cluster", "status": "passed", "time_utc": "2026-09-28T17:01:31.104902+00:00"}
2026-09-28T17:01:31.2618803Z {"type": "stage", "stage": "postgres_first_start", "status": "running", "time_utc": "2026-09-28T17:01:31.105075+00:00"}
2026-09-28T17:01:32.2621082Z {"type": "stage", "stage": "postgres_first_start", "status": "passed", "time_utc": "2026-09-28T17:01:31.319996+00:00"}
2026-09-28T17:01:32.2621836Z {"type": "stage", "stage": "restricted_fixture_database", "status": "running", "time_utc": "2026-09-28T17:01:31.320145+00:00"}
2026-09-28T17:01:32.2622863Z {"type": "stage", "stage": "restricted_fixture_database", "status": "passed", "time_utc": "2026-09-28T17:01:32.126937+00:00"}
2026-09-28T17:01:32.2623573Z {"type": "stage", "stage": "wine_prefix_and_driver", "status": "running", "time_utc": "2026-09-28T17:01:32.127079+00:00"}
2026-09-28T17:01:32.2624405Z {"type": "stage", "stage": "wine_prefix_and_driver", "status": "running", "time_utc": "2026-09-28T17:01:32.238133+00:00", "message": "Preparing Windows environment \u00b7 0 s"}
2026-09-28T17:01:38.2631190Z {"type": "stage", "stage": "wine_prefix_and_driver", "status": "running", "time_utc": "2026-09-28T17:01:37.266646+00:00", "message": "Preparing Windows environment \u00b7 5 s"}
2026-09-28T17:01:43.2638823Z {"type": "stage", "stage": "wine_prefix_and_driver", "status": "running", "time_utc": "2026-09-28T17:01:42.294777+00:00", "message": "Preparing Windows environment \u00b7 10 s"}
2026-09-28T17:01:48.2646924Z {"type": "stage", "stage": "wine_prefix_and_driver", "status": "running", "time_utc": "2026-09-28T17:01:47.322946+00:00", "message": "Preparing Windows environment \u00b7 15 s"}
2026-09-28T17:01:53.2654754Z {"type": "stage", "stage": "wine_prefix_and_driver", "status": "running", "time_utc": "2026-09-28T17:01:52.351052+00:00", "message": "Preparing Windows environment \u00b7 20 s"}
2026-09-28T17:01:58.2662339Z {"type": "stage", "stage": "wine_prefix_and_driver", "status": "running", "time_utc": "2026-09-28T17:01:57.378457+00:00", "message": "Preparing Windows environment \u00b7 25 s"}
2026-09-28T17:02:03.2670741Z {"type": "stage", "stage": "wine_prefix_and_driver", "status": "running", "time_utc": "2026-09-28T17:02:02.406495+00:00", "message": "Preparing Windows environment \u00b7 30 s"}
2026-09-28T17:02:08.2678011Z {"type": "stage", "stage": "wine_prefix_and_driver", "status": "running", "time_utc": "2026-09-28T17:02:07.433845+00:00", "message": "Preparing Windows environment \u00b7 35 s"}
2026-09-28T17:02:12.2685698Z {"type": "stage", "stage": "wine_prefix_and_driver", "status": "passed", "time_utc": "2026-09-28T17:02:11.612035+00:00"}
2026-09-28T17:02:12.2686494Z {"type": "stage", "stage": "win32_odbc_driver", "status": "running", "time_utc": "2026-09-28T17:02:11.612189+00:00"}
2026-09-28T17:02:13.2688386Z {"type": "stage", "stage": "win32_odbc_driver", "status": "passed", "time_utc": "2026-09-28T17:02:12.475889+00:00"}
2026-09-28T17:02:13.2689189Z {"type": "stage", "stage": "win32_runtime_dll", "status": "running", "time_utc": "2026-09-28T17:02:12.476070+00:00"}
2026-09-28T17:02:13.2689830Z {"type": "stage", "stage": "win32_runtime_dll", "status": "passed", "time_utc": "2026-09-28T17:02:12.882477+00:00"}
2026-09-28T17:02:13.2690468Z {"type": "stage", "stage": "game_services_first", "status": "running", "time_utc": "2026-09-28T17:02:12.965154+00:00"}
2026-09-28T17:02:13.2691264Z {"type": "stage", "stage": "game_services_first", "status": "running", "time_utc": "2026-09-28T17:02:13.046924+00:00", "message": "DbServer schema and local listener"}
2026-09-28T17:02:18.2708627Z {"type": "stage", "stage": "game_services_first", "status": "running", "time_utc": "2026-09-28T17:02:18.064964+00:00", "message": "DbServer schema and local listener"}
2026-09-28T17:02:23.2717539Z {"type": "stage", "stage": "game_services_first", "status": "running", "time_utc": "2026-09-28T17:02:23.085622+00:00", "message": "DbServer schema and local listener"}
2026-09-28T17:02:28.2726205Z {"type": "stage", "stage": "game_services_first", "status": "running", "time_utc": "2026-09-28T17:02:28.155995+00:00", "message": "DbServer schema and local listener"}
2026-09-28T17:02:33.2734342Z {"type": "stage", "stage": "game_services_first", "status": "running", "time_utc": "2026-09-28T17:02:33.170063+00:00", "message": "DbServer schema and local listener"}
2026-09-28T17:02:38.2743008Z {"type": "stage", "stage": "game_services_first", "status": "running", "time_utc": "2026-09-28T17:02:38.185059+00:00", "message": "DbServer schema and local listener"}
2026-09-28T17:02:43.2752596Z {"type": "stage", "stage": "game_services_first", "status": "running", "time_utc": "2026-09-28T17:02:43.255522+00:00", "message": "DbServer schema and local listener"}
2026-09-28T17:02:48.2760800Z {"type": "stage", "stage": "game_services_first", "status": "running", "time_utc": "2026-09-28T17:02:48.270518+00:00", "message": "DbServer schema and local listener"}
2026-09-28T17:02:54.2772850Z {"type": "stage", "stage": "game_services_first", "status": "running", "time_utc": "2026-09-28T17:02:53.285919+00:00", "message": "DbServer schema and local listener"}
2026-09-28T17:02:56.2776568Z {"type": "stage", "stage": "game_services_first", "status": "running", "time_utc": "2026-09-28T17:02:56.019309+00:00", "message": "DbServer main-thread dispatch publication"}
2026-09-28T17:03:01.2784412Z {"type": "stage", "stage": "game_services_first", "status": "running", "time_utc": "2026-09-28T17:03:01.044900+00:00", "message": "DbServer main-thread dispatch publication"}
2026-09-28T17:03:06.2794131Z {"type": "stage", "stage": "game_services_first", "status": "running", "time_utc": "2026-09-28T17:03:06.070693+00:00", "message": "DbServer main-thread dispatch publication"}
2026-09-28T17:03:10.2801014Z {"type": "stage", "stage": "game_services_first", "status": "running", "time_utc": "2026-09-28T17:03:09.491990+00:00", "message": "Running real DbServer game-query-first-baseline \u00b7 0 s"}
2026-09-28T17:03:11.2804024Z {"type": "stage", "stage": "game_services_first", "status": "running", "time_utc": "2026-09-28T17:03:10.812804+00:00", "message": "Running real DbServer game-query-first-ready \u00b7 0 s"}
2026-09-28T17:03:13.2807864Z {"type": "stage", "stage": "game_services_first", "status": "running", "time_utc": "2026-09-28T17:03:12.474925+00:00", "message": "Atlas DB-confirmed readiness"}
2026-09-28T17:03:18.2816875Z {"type": "stage", "stage": "game_services_first", "status": "running", "time_utc": "2026-09-28T17:03:17.494366+00:00", "message": "Atlas DB-confirmed readiness"}
2026-09-28T17:03:23.2825307Z {"type": "stage", "stage": "game_services_first", "status": "running", "time_utc": "2026-09-28T17:03:22.513036+00:00", "message": "Atlas DB-confirmed readiness"}
2026-09-28T17:03:28.2834091Z {"type": "stage", "stage": "game_services_first", "status": "running", "time_utc": "2026-09-28T17:03:27.531753+00:00", "message": "Atlas DB-confirmed readiness"}
2026-09-28T17:03:33.2842578Z {"type": "stage", "stage": "game_services_first", "status": "running", "time_utc": "2026-09-28T17:03:32.550446+00:00", "message": "Atlas DB-confirmed readiness"}
2026-09-28T17:03:38.2850977Z {"type": "stage", "stage": "game_services_first", "status": "running", "time_utc": "2026-09-28T17:03:37.568852+00:00", "message": "Atlas DB-confirmed readiness"}
2026-09-28T17:03:43.2859560Z {"type": "stage", "stage": "game_services_first", "status": "running", "time_utc": "2026-09-28T17:03:42.587613+00:00", "message": "Atlas DB-confirmed readiness"}
2026-09-28T17:03:48.2867689Z {"type": "stage", "stage": "game_services_first", "status": "running", "time_utc": "2026-09-28T17:03:47.606543+00:00", "message": "Atlas DB-confirmed readiness"}
2026-09-28T17:03:53.2876683Z {"type": "stage", "stage": "game_services_first", "status": "running", "time_utc": "2026-09-28T17:03:52.624852+00:00", "message": "Atlas DB-confirmed readiness"}
2026-09-28T17:03:58.2884684Z {"type": "stage", "stage": "game_services_first", "status": "running", "time_utc": "2026-09-28T17:03:57.643408+00:00", "message": "Atlas DB-confirmed readiness"}
2026-09-28T17:04:03.2893271Z {"type": "stage", "stage": "game_services_first", "status": "running", "time_utc": "2026-09-28T17:04:02.662122+00:00", "message": "Atlas DB-confirmed readiness"}
2026-09-28T17:04:08.2902008Z {"type": "stage", "stage": "game_services_first", "status": "running", "time_utc": "2026-09-28T17:04:07.680443+00:00", "message": "Atlas DB-confirmed readiness"}
2026-09-28T17:04:13.2910558Z {"type": "stage", "stage": "game_services_first", "status": "running", "time_utc": "2026-09-28T17:04:12.503283+00:00", "message": "Running real DbServer game-query-first-ready \u00b7 0 s"}
2026-09-28T17:04:15.2914716Z {"type": "stage", "stage": "game_services_first", "status": "running", "time_utc": "2026-09-28T17:04:14.519459+00:00", "message": "Atlas DB-confirmed readiness"}
2026-09-28T17:04:20.2922987Z {"type": "stage", "stage": "game_services_first", "status": "running", "time_utc": "2026-09-28T17:04:19.538419+00:00", "message": "Atlas DB-confirmed readiness"}
2026-09-28T17:04:25.2931529Z {"type": "stage", "stage": "game_services_first", "status": "running", "time_utc": "2026-09-28T17:04:24.557341+00:00", "message": "Atlas DB-confirmed readiness"}
2026-09-28T17:04:30.2940080Z {"type": "stage", "stage": "game_services_first", "status": "running", "time_utc": "2026-09-28T17:04:29.576679+00:00", "message": "Atlas DB-confirmed readiness"}
2026-09-28T17:04:35.2948615Z {"type": "stage", "stage": "game_services_first", "status": "running", "time_utc": "2026-09-28T17:04:34.595207+00:00", "message": "Atlas DB-confirmed readiness"}
2026-09-28T17:04:40.2957210Z {"type": "stage", "stage": "game_services_first", "status": "running", "time_utc": "2026-09-28T17:04:39.613588+00:00", "message": "Atlas DB-confirmed readiness"}
2026-09-28T17:04:45.2966888Z {"type": "stage", "stage": "game_services_first", "status": "running", "time_utc": "2026-09-28T17:04:44.632221+00:00", "message": "Atlas DB-confirmed readiness"}
2026-09-28T17:04:50.2975566Z {"type": "stage", "stage": "game_services_first", "status": "running", "time_utc": "2026-09-28T17:04:49.651109+00:00", "message": "Atlas DB-confirmed readiness"}
2026-09-28T17:04:55.2984076Z {"type": "stage", "stage": "game_services_first", "status": "running", "time_utc": "2026-09-28T17:04:54.669543+00:00", "message": "Atlas DB-confirmed readiness"}
2026-09-28T17:05:00.2992452Z {"type": "stage", "stage": "game_services_first", "status": "running", "time_utc": "2026-09-28T17:04:59.688390+00:00", "message": "Atlas DB-confirmed readiness"}
2026-09-28T17:05:05.3001234Z {"type": "stage", "stage": "game_services_first", "status": "running", "time_utc": "2026-09-28T17:05:04.706491+00:00", "message": "Atlas DB-confirmed readiness"}
2026-09-28T17:05:10.3009673Z {"type": "stage", "stage": "game_services_first", "status": "running", "time_utc": "2026-09-28T17:05:09.725239+00:00", "message": "Atlas DB-confirmed readiness"}
2026-09-28T17:05:15.3018326Z {"type": "stage", "stage": "game_services_first", "status": "running", "time_utc": "2026-09-28T17:05:14.548134+00:00", "message": "Running real DbServer game-query-first-ready \u00b7 0 s"}
2026-09-28T17:05:17.3023065Z {"type": "stage", "stage": "game_services_first", "status": "running", "time_utc": "2026-09-28T17:05:16.564854+00:00", "message": "Atlas DB-confirmed readiness"}
2026-09-28T17:05:22.3030981Z {"type": "stage", "stage": "game_services_first", "status": "running", "time_utc": "2026-09-28T17:05:21.583452+00:00", "message": "Atlas DB-confirmed readiness"}
2026-09-28T17:05:27.3039947Z {"type": "stage", "stage": "game_services_first", "status": "running", "time_utc": "2026-09-28T17:05:26.601793+00:00", "message": "Atlas DB-confirmed readiness"}
2026-09-28T17:05:32.3049008Z {"type": "stage", "stage": "game_services_first", "status": "running", "time_utc": "2026-09-28T17:05:31.620629+00:00", "message": "Atlas DB-confirmed readiness"}
2026-09-28T17:05:37.3057183Z {"type": "stage", "stage": "game_services_first", "status": "running", "time_utc": "2026-09-28T17:05:36.639414+00:00", "message": "Atlas DB-confirmed readiness"}
2026-09-28T17:05:42.3065602Z {"type": "stage", "stage": "game_services_first", "status": "running", "time_utc": "2026-09-28T17:05:41.658005+00:00", "message": "Atlas DB-confirmed readiness"}
2026-09-28T17:05:47.3074295Z {"type": "stage", "stage": "game_services_first", "status": "running", "time_utc": "2026-09-28T17:05:46.676727+00:00", "message": "Atlas DB-confirmed readiness"}
2026-09-28T17:05:52.3082705Z {"type": "stage", "stage": "game_services_first", "status": "running", "time_utc": "2026-09-28T17:05:51.695024+00:00", "message": "Atlas DB-confirmed readiness"}
2026-09-28T17:05:57.3090886Z {"type": "stage", "stage": "game_services_first", "status": "running", "time_utc": "2026-09-28T17:05:56.713674+00:00", "message": "Atlas DB-confirmed readiness"}
2026-09-28T17:06:02.3099516Z {"type": "stage", "stage": "game_services_first", "status": "running", "time_utc": "2026-09-28T17:06:01.731963+00:00", "message": "Atlas DB-confirmed readiness"}
2026-09-28T17:06:07.3107758Z {"type": "stage", "stage": "game_services_first", "status": "running", "time_utc": "2026-09-28T17:06:06.750409+00:00", "message": "Atlas DB-confirmed readiness"}
2026-09-28T17:06:12.3115555Z {"type": "stage", "stage": "game_services_first", "status": "running", "time_utc": "2026-09-28T17:06:11.768546+00:00", "message": "Atlas DB-confirmed readiness"}
2026-09-28T17:06:17.3123884Z {"type": "stage", "stage": "game_services_first", "status": "running", "time_utc": "2026-09-28T17:06:16.591246+00:00", "message": "Running real DbServer game-query-first-ready \u00b7 0 s"}
2026-09-28T17:06:19.3128144Z {"type": "stage", "stage": "game_services_first", "status": "running", "time_utc": "2026-09-28T17:06:18.607263+00:00", "message": "Atlas DB-confirmed readiness"}
2026-09-28T17:06:24.3136344Z {"type": "stage", "stage": "game_services_first", "status": "running", "time_utc": "2026-09-28T17:06:23.625633+00:00", "message": "Atlas DB-confirmed readiness"}
2026-09-28T17:06:29.3144731Z {"type": "stage", "stage": "game_services_first", "status": "running", "time_utc": "2026-09-28T17:06:28.644446+00:00", "message": "Atlas DB-confirmed readiness"}
2026-09-28T17:06:34.3153007Z {"type": "stage", "stage": "game_services_first", "status": "running", "time_utc": "2026-09-28T17:06:33.663064+00:00", "message": "Atlas DB-confirmed readiness"}
2026-09-28T17:06:39.3161313Z {"type": "stage", "stage": "game_services_first", "status": "running", "time_utc": "2026-09-28T17:06:38.681384+00:00", "message": "Atlas DB-confirmed readiness"}
2026-09-28T17:06:44.3169999Z {"type": "stage", "stage": "game_services_first", "status": "running", "time_utc": "2026-09-28T17:06:43.700212+00:00", "message": "Atlas DB-confirmed readiness"}
2026-09-28T17:06:49.3178711Z {"type": "stage", "stage": "game_services_first", "status": "running", "time_utc": "2026-09-28T17:06:48.718325+00:00", "message": "Atlas DB-confirmed readiness"}
2026-09-28T17:06:54.3186928Z {"type": "stage", "stage": "game_services_first", "status": "running", "time_utc": "2026-09-28T17:06:53.737374+00:00", "message": "Atlas DB-confirmed readiness"}
2026-09-28T17:06:59.3195411Z {"type": "stage", "stage": "game_services_first", "status": "running", "time_utc": "2026-09-28T17:06:58.757762+00:00", "message": "Atlas DB-confirmed readiness"}
2026-09-28T17:07:04.3204120Z {"type": "stage", "stage": "game_services_first", "status": "running", "time_utc": "2026-09-28T17:07:03.776171+00:00", "message": "Atlas DB-confirmed readiness"}
2026-09-28T17:07:09.3212562Z {"type": "stage", "stage": "game_services_first", "status": "running", "time_utc": "2026-09-28T17:07:08.794790+00:00", "message": "Atlas DB-confirmed readiness"}
2026-09-28T17:07:14.3221050Z {"type": "stage", "stage": "game_services_first", "status": "running", "time_utc": "2026-09-28T17:07:13.813210+00:00", "message": "Atlas DB-confirmed readiness"}
2026-09-28T17:07:19.3230569Z {"type": "stage", "stage": "game_services_first", "status": "running", "time_utc": "2026-09-28T17:07:18.633503+00:00", "message": "Running real DbServer game-query-first-ready \u00b7 0 s"}
2026-09-28T17:07:21.3234001Z {"type": "stage", "stage": "game_services_first", "status": "running", "time_utc": "2026-09-28T17:07:20.397784+00:00", "message": "Atlas DB-confirmed readiness"}
2026-09-28T17:07:26.3246701Z {"type": "stage", "stage": "game_services_first", "status": "running", "time_utc": "2026-09-28T17:07:25.416415+00:00", "message": "Atlas DB-confirmed readiness"}
2026-09-28T17:07:31.3255113Z {"type": "stage", "stage": "game_services_first", "status": "running", "time_utc": "2026-09-28T17:07:30.435069+00:00", "message": "Atlas DB-confirmed readiness"}
2026-09-28T17:07:36.3263358Z {"type": "stage", "stage": "game_services_first", "status": "running", "time_utc": "2026-09-28T17:07:35.452952+00:00", "message": "Atlas DB-confirmed readiness"}
2026-09-28T17:07:41.3271224Z {"type": "stage", "stage": "game_services_first", "status": "running", "time_utc": "2026-09-28T17:07:40.470764+00:00", "message": "Atlas DB-confirmed readiness"}
2026-09-28T17:07:46.3280035Z {"type": "stage", "stage": "game_services_first", "status": "running", "time_utc": "2026-09-28T17:07:45.489023+00:00", "message": "Atlas DB-confirmed readiness"}
2026-09-28T17:07:51.3288808Z {"type": "stage", "stage": "game_services_first", "status": "running", "time_utc": "2026-09-28T17:07:50.506851+00:00", "message": "Atlas DB-confirmed readiness"}
2026-09-28T17:07:56.3296807Z {"type": "stage", "stage": "game_services_first", "status": "running", "time_utc": "2026-09-28T17:07:55.525101+00:00", "message": "Atlas DB-confirmed readiness"}
2026-09-28T17:08:01.3305127Z {"type": "stage", "stage": "game_services_first", "status": "running", "time_utc": "2026-09-28T17:08:00.543502+00:00", "message": "Atlas DB-confirmed readiness"}
2026-09-28T17:08:06.3313145Z {"type": "stage", "stage": "game_services_first", "status": "running", "time_utc": "2026-09-28T17:08:05.561818+00:00", "message": "Atlas DB-confirmed readiness"}
2026-09-28T17:08:11.3321402Z {"type": "stage", "stage": "game_services_first", "status": "running", "time_utc": "2026-09-28T17:08:10.579941+00:00", "message": "Atlas DB-confirmed readiness"}
2026-09-28T17:08:16.3329797Z {"type": "stage", "stage": "game_services_first", "status": "running", "time_utc": "2026-09-28T17:08:15.598224+00:00", "message": "Atlas DB-confirmed readiness"}
2026-09-28T17:08:21.3338271Z {"type": "stage", "stage": "game_services_first", "status": "running", "time_utc": "2026-09-28T17:08:20.422352+00:00", "message": "Running real DbServer game-query-first-ready \u00b7 0 s"}
2026-09-28T17:08:23.3342289Z {"type": "stage", "stage": "game_services_first", "status": "running", "time_utc": "2026-09-28T17:08:22.689613+00:00", "message": "Atlas DB-confirmed readiness"}
2026-09-28T17:08:28.3350145Z {"type": "stage", "stage": "game_services_first", "status": "running", "time_utc": "2026-09-28T17:08:27.708368+00:00", "message": "Atlas DB-confirmed readiness"}
2026-09-28T17:08:33.3358280Z {"type": "stage", "stage": "game_services_first", "status": "running", "time_utc": "2026-09-28T17:08:32.726545+00:00", "message": "Atlas DB-confirmed readiness"}
2026-09-28T17:08:38.3366782Z {"type": "stage", "stage": "game_services_first", "status": "running", "time_utc": "2026-09-28T17:08:37.745144+00:00", "message": "Atlas DB-confirmed readiness"}
2026-09-28T17:08:43.3374941Z {"type": "stage", "stage": "game_services_first", "status": "running", "time_utc": "2026-09-28T17:08:42.763976+00:00", "message": "Atlas DB-confirmed readiness"}
2026-09-28T17:08:48.3383661Z {"type": "stage", "stage": "game_services_first", "status": "running", "time_utc": "2026-09-28T17:08:47.782654+00:00", "message": "Atlas DB-confirmed readiness"}
2026-09-28T17:08:53.3392712Z {"type": "stage", "stage": "game_services_first", "status": "running", "time_utc": "2026-09-28T17:08:52.801269+00:00", "message": "Atlas DB-confirmed readiness"}
2026-09-28T17:08:58.3401860Z {"type": "stage", "stage": "game_services_first", "status": "running", "time_utc": "2026-09-28T17:08:57.820420+00:00", "message": "Atlas DB-confirmed readiness"}
2026-09-28T17:09:03.3409853Z {"type": "stage", "stage": "game_services_first", "status": "running", "time_utc": "2026-09-28T17:09:02.838379+00:00", "message": "Atlas DB-confirmed readiness"}
2026-09-28T17:09:08.3418187Z {"type": "stage", "stage": "game_services_first", "status": "running", "time_utc": "2026-09-28T17:09:07.858701+00:00", "message": "Atlas DB-confirmed readiness"}
2026-09-28T17:09:13.3426572Z {"type": "stage", "stage": "game_services_first", "status": "running", "time_utc": "2026-09-28T17:09:12.876752+00:00", "message": "Atlas DB-confirmed readiness"}
2026-09-28T17:09:18.3435170Z {"type": "stage", "stage": "game_services_first", "status": "running", "time_utc": "2026-09-28T17:09:17.894527+00:00", "message": "Atlas DB-confirmed readiness"}
2026-09-28T17:09:23.3443748Z {"type": "stage", "stage": "game_services_first", "status": "running", "time_utc": "2026-09-28T17:09:22.717202+00:00", "message": "Running real DbServer game-query-first-ready \u00b7 0 s"}
2026-09-28T17:09:25.3447093Z {"type": "stage", "stage": "game_services_first", "status": "running", "time_utc": "2026-09-28T17:09:24.682827+00:00", "message": "Atlas DB-confirmed readiness"}
2026-09-28T17:09:30.3455555Z {"type": "stage", "stage": "game_services_first", "status": "running", "time_utc": "2026-09-28T17:09:29.701227+00:00", "message": "Atlas DB-confirmed readiness"}
2026-09-28T17:09:35.3464026Z {"type": "stage", "stage": "game_services_first", "status": "running", "time_utc": "2026-09-28T17:09:34.719177+00:00", "message": "Atlas DB-confirmed readiness"}
2026-09-28T17:09:40.3472356Z {"type": "stage", "stage": "game_services_first", "status": "running", "time_utc": "2026-09-28T17:09:39.737542+00:00", "message": "Atlas DB-confirmed readiness"}
2026-09-28T17:09:45.3480731Z {"type": "stage", "stage": "game_services_first", "status": "running", "time_utc": "2026-09-28T17:09:44.755994+00:00", "message": "Atlas DB-confirmed readiness"}
2026-09-28T17:09:50.3489712Z {"type": "stage", "stage": "game_services_first", "status": "running", "time_utc": "2026-09-28T17:09:49.774641+00:00", "message": "Atlas DB-confirmed readiness"}
2026-09-28T17:09:55.3498371Z {"type": "stage", "stage": "game_services_first", "status": "running", "time_utc": "2026-09-28T17:09:54.792918+00:00", "message": "Atlas DB-confirmed readiness"}
2026-09-28T17:10:00.3506708Z {"type": "stage", "stage": "game_services_first", "status": "running", "time_utc": "2026-09-28T17:09:59.811684+00:00", "message": "Atlas DB-confirmed readiness"}
2026-09-28T17:10:05.3515479Z {"type": "stage", "stage": "game_services_first", "status": "running", "time_utc": "2026-09-28T17:10:04.830401+00:00", "message": "Atlas DB-confirmed readiness"}
2026-09-28T17:10:10.3523835Z {"type": "stage", "stage": "game_services_first", "status": "running", "time_utc": "2026-09-28T17:10:09.848529+00:00", "message": "Atlas DB-confirmed readiness"}
2026-09-28T17:10:15.3532609Z {"type": "stage", "stage": "game_services_first", "status": "running", "time_utc": "2026-09-28T17:10:14.867308+00:00", "message": "Atlas DB-confirmed readiness"}
2026-09-28T17:10:20.3540831Z {"type": "stage", "stage": "game_services_first", "status": "running", "time_utc": "2026-09-28T17:10:19.885645+00:00", "message": "Atlas DB-confirmed readiness"}
2026-09-28T17:10:25.3549725Z {"type": "stage", "stage": "game_services_first", "status": "running", "time_utc": "2026-09-28T17:10:24.706556+00:00", "message": "Running real DbServer game-query-first-ready \u00b7 0 s"}
2026-09-28T17:10:27.3553780Z {"type": "stage", "stage": "game_services_first", "status": "running", "time_utc": "2026-09-28T17:10:26.722800+00:00", "message": "Atlas DB-confirmed readiness"}
2026-09-28T17:10:32.3562441Z {"type": "stage", "stage": "game_services_first", "status": "running", "time_utc": "2026-09-28T17:10:31.741610+00:00", "message": "Atlas DB-confirmed readiness"}
2026-09-28T17:10:37.3571236Z {"type": "stage", "stage": "game_services_first", "status": "running", "time_utc": "2026-09-28T17:10:36.760656+00:00", "message": "Atlas DB-confirmed readiness"}
2026-09-28T17:10:42.3578804Z {"type": "stage", "stage": "game_services_first", "status": "running", "time_utc": "2026-09-28T17:10:41.780626+00:00", "message": "Atlas DB-confirmed readiness"}
2026-09-28T17:10:47.3586823Z {"type": "stage", "stage": "game_services_first", "status": "running", "time_utc": "2026-09-28T17:10:46.800439+00:00", "message": "Atlas DB-confirmed readiness"}
2026-09-28T17:10:52.3595495Z {"type": "stage", "stage": "game_services_first", "status": "running", "time_utc": "2026-09-28T17:10:51.819749+00:00", "message": "Atlas DB-confirmed readiness"}
2026-09-28T17:10:57.3604765Z {"type": "stage", "stage": "game_services_first", "status": "running", "time_utc": "2026-09-28T17:10:56.838401+00:00", "message": "Atlas DB-confirmed readiness"}
2026-09-28T17:11:02.3612672Z {"type": "stage", "stage": "game_services_first", "status": "running", "time_utc": "2026-09-28T17:11:01.857242+00:00", "message": "Atlas DB-confirmed readiness"}
2026-09-28T17:11:07.3621078Z {"type": "stage", "stage": "game_services_first", "status": "running", "time_utc": "2026-09-28T17:11:06.875939+00:00", "message": "Atlas DB-confirmed readiness"}
2026-09-28T17:11:12.3630423Z {"type": "stage", "stage": "game_services_first", "status": "running", "time_utc": "2026-09-28T17:11:11.894542+00:00", "message": "Atlas DB-confirmed readiness"}
2026-09-28T17:11:17.3638771Z {"type": "stage", "stage": "game_services_first", "status": "running", "time_utc": "2026-09-28T17:11:16.913636+00:00", "message": "Atlas DB-confirmed readiness"}
2026-09-28T17:11:22.3647104Z {"type": "stage", "stage": "game_services_first", "status": "running", "time_utc": "2026-09-28T17:11:21.932482+00:00", "message": "Atlas DB-confirmed readiness"}
2026-09-28T17:11:27.3655755Z {"type": "stage", "stage": "game_services_first", "status": "running", "time_utc": "2026-09-28T17:11:26.755353+00:00", "message": "Running real DbServer game-query-first-ready \u00b7 0 s"}
2026-09-28T17:11:29.3660471Z {"type": "stage", "stage": "game_services_first", "status": "running", "time_utc": "2026-09-28T17:11:28.721323+00:00", "message": "Atlas DB-confirmed readiness"}
2026-09-28T17:11:34.3668562Z {"type": "stage", "stage": "game_services_first", "status": "running", "time_utc": "2026-09-28T17:11:33.740067+00:00", "message": "Atlas DB-confirmed readiness"}
2026-09-28T17:11:39.3676918Z {"type": "stage", "stage": "game_services_first", "status": "running", "time_utc": "2026-09-28T17:11:38.760641+00:00", "message": "Atlas DB-confirmed readiness"}
2026-09-28T17:11:44.3685495Z {"type": "stage", "stage": "game_services_first", "status": "running", "time_utc": "2026-09-28T17:11:43.778537+00:00", "message": "Atlas DB-confirmed readiness"}
2026-09-28T17:11:49.3693650Z {"type": "stage", "stage": "game_services_first", "status": "running", "time_utc": "2026-09-28T17:11:48.798596+00:00", "message": "Atlas DB-confirmed readiness"}
2026-09-28T17:11:54.3702292Z {"type": "stage", "stage": "game_services_first", "status": "running", "time_utc": "2026-09-28T17:11:53.817567+00:00", "message": "Atlas DB-confirmed readiness"}
2026-09-28T17:11:59.3710896Z {"type": "stage", "stage": "game_services_first", "status": "running", "time_utc": "2026-09-28T17:11:58.836577+00:00", "message": "Atlas DB-confirmed readiness"}
2026-09-28T17:12:04.3719468Z {"type": "stage", "stage": "game_services_first", "status": "running", "time_utc": "2026-09-28T17:12:03.854231+00:00", "message": "Atlas DB-confirmed readiness"}
2026-09-28T17:12:09.3728141Z {"type": "stage", "stage": "game_services_first", "status": "running", "time_utc": "2026-09-28T17:12:08.872708+00:00", "message": "Atlas DB-confirmed readiness"}
2026-09-28T17:12:14.3736822Z {"type": "stage", "stage": "game_services_first", "status": "running", "time_utc": "2026-09-28T17:12:13.890637+00:00", "message": "Atlas DB-confirmed readiness"}
2026-09-28T17:12:19.3746101Z {"type": "stage", "stage": "game_services_first", "status": "running", "time_utc": "2026-09-28T17:12:18.910709+00:00", "message": "Atlas DB-confirmed readiness"}
2026-09-28T17:12:24.3753899Z {"type": "stage", "stage": "game_services_first", "status": "running", "time_utc": "2026-09-28T17:12:23.929845+00:00", "message": "Atlas DB-confirmed readiness"}
2026-09-28T17:12:29.3762577Z {"type": "stage", "stage": "game_services_first", "status": "running", "time_utc": "2026-09-28T17:12:28.752893+00:00", "message": "Running real DbServer game-query-first-ready \u00b7 0 s"}
2026-09-28T17:12:31.3766684Z {"type": "stage", "stage": "game_services_first", "status": "running", "time_utc": "2026-09-28T17:12:30.769634+00:00", "message": "Atlas DB-confirmed readiness"}
2026-09-28T17:12:36.3775180Z {"type": "stage", "stage": "game_services_first", "status": "running", "time_utc": "2026-09-28T17:12:35.788569+00:00", "message": "Atlas DB-confirmed readiness"}
2026-09-28T17:12:41.3783603Z {"type": "stage", "stage": "game_services_first", "status": "running", "time_utc": "2026-09-28T17:12:40.807131+00:00", "message": "Atlas DB-confirmed readiness"}
2026-09-28T17:12:46.3792243Z {"type": "stage", "stage": "game_services_first", "status": "running", "time_utc": "2026-09-28T17:12:45.825810+00:00", "message": "Atlas DB-confirmed readiness"}
2026-09-28T17:12:51.3800170Z {"type": "stage", "stage": "game_services_first", "status": "running", "time_utc": "2026-09-28T17:12:50.844687+00:00", "message": "Atlas DB-confirmed readiness"}
2026-09-28T17:12:56.3808924Z {"type": "stage", "stage": "game_services_first", "status": "running", "time_utc": "2026-09-28T17:12:55.863522+00:00", "message": "Atlas DB-confirmed readiness"}
2026-09-28T17:13:01.3821137Z {"type": "stage", "stage": "game_services_first", "status": "running", "time_utc": "2026-09-28T17:13:00.883672+00:00", "message": "Atlas DB-confirmed readiness"}
2026-09-28T17:13:06.3829579Z {"type": "stage", "stage": "game_services_first", "status": "running", "time_utc": "2026-09-28T17:13:05.902283+00:00", "message": "Atlas DB-confirmed readiness"}
2026-09-28T17:13:11.3838031Z {"type": "stage", "stage": "game_services_first", "status": "running", "time_utc": "2026-09-28T17:13:10.921271+00:00", "message": "Atlas DB-confirmed readiness"}
2026-09-28T17:13:16.3847174Z {"type": "stage", "stage": "game_services_first", "status": "running", "time_utc": "2026-09-28T17:13:15.940011+00:00", "message": "Atlas DB-confirmed readiness"}
2026-09-28T17:13:21.3856455Z {"type": "stage", "stage": "game_services_first", "status": "running", "time_utc": "2026-09-28T17:13:20.959091+00:00", "message": "Atlas DB-confirmed readiness"}
2026-09-28T17:13:26.3865045Z {"type": "stage", "stage": "game_services_first", "status": "running", "time_utc": "2026-09-28T17:13:25.978121+00:00", "message": "Atlas DB-confirmed readiness"}
2026-09-28T17:13:31.3873837Z {"type": "stage", "stage": "game_services_first", "status": "running", "time_utc": "2026-09-28T17:13:30.801635+00:00", "message": "Running real DbServer game-query-first-ready \u00b7 0 s"}
2026-09-28T17:13:33.3877526Z {"type": "stage", "stage": "game_services_first", "status": "running", "time_utc": "2026-09-28T17:13:32.818150+00:00", "message": "Atlas DB-confirmed readiness"}
2026-09-28T17:13:38.3887050Z {"type": "stage", "stage": "game_services_first", "status": "running", "time_utc": "2026-09-28T17:13:37.836841+00:00", "message": "Atlas DB-confirmed readiness"}
2026-09-28T17:13:43.3895329Z {"type": "stage", "stage": "game_services_first", "status": "running", "time_utc": "2026-09-28T17:13:42.854996+00:00", "message": "Atlas DB-confirmed readiness"}
2026-09-28T17:13:48.3903964Z {"type": "stage", "stage": "game_services_first", "status": "running", "time_utc": "2026-09-28T17:13:47.875213+00:00", "message": "Atlas DB-confirmed readiness"}
2026-09-28T17:13:53.3912609Z {"type": "stage", "stage": "game_services_first", "status": "running", "time_utc": "2026-09-28T17:13:52.894820+00:00", "message": "Atlas DB-confirmed readiness"}
2026-09-28T17:13:58.3921628Z {"type": "stage", "stage": "game_services_first", "status": "running", "time_utc": "2026-09-28T17:13:57.914916+00:00", "message": "Atlas DB-confirmed readiness"}
2026-09-28T17:14:03.3929660Z {"type": "stage", "stage": "game_services_first", "status": "running", "time_utc": "2026-09-28T17:14:02.934471+00:00", "message": "Atlas DB-confirmed readiness"}
2026-09-28T17:14:08.3938176Z {"type": "stage", "stage": "game_services_first", "status": "running", "time_utc": "2026-09-28T17:14:07.954074+00:00", "message": "Atlas DB-confirmed readiness"}
2026-09-28T17:14:13.3946751Z {"type": "stage", "stage": "game_services_first", "status": "running", "time_utc": "2026-09-28T17:14:12.973310+00:00", "message": "Atlas DB-confirmed readiness"}
2026-09-28T17:14:18.3955160Z {"type": "stage", "stage": "game_services_first", "status": "running", "time_utc": "2026-09-28T17:14:17.992893+00:00", "message": "Atlas DB-confirmed readiness"}
2026-09-28T17:14:23.3964038Z {"type": "stage", "stage": "game_services_first", "status": "running", "time_utc": "2026-09-28T17:14:23.012706+00:00", "message": "Atlas DB-confirmed readiness"}
2026-09-28T17:14:28.3972598Z {"type": "stage", "stage": "game_services_first", "status": "running", "time_utc": "2026-09-28T17:14:28.032273+00:00", "message": "Atlas DB-confirmed readiness"}
2026-09-28T17:14:33.3981339Z {"type": "stage", "stage": "game_services_first", "status": "running", "time_utc": "2026-09-28T17:14:32.854140+00:00", "message": "Running real DbServer game-query-first-ready \u00b7 0 s"}
2026-09-28T17:14:35.3985800Z {"type": "stage", "stage": "game_services_first", "status": "running", "time_utc": "2026-09-28T17:14:34.921062+00:00", "message": "Atlas DB-confirmed readiness"}
2026-09-28T17:14:40.3994481Z {"type": "stage", "stage": "game_services_first", "status": "running", "time_utc": "2026-09-28T17:14:39.940639+00:00", "message": "Atlas DB-confirmed readiness"}
2026-09-28T17:14:45.4004225Z {"type": "stage", "stage": "game_services_first", "status": "running", "time_utc": "2026-09-28T17:14:44.959731+00:00", "message": "Atlas DB-confirmed readiness"}
2026-09-28T17:14:50.4011393Z {"type": "stage", "stage": "game_services_first", "status": "running", "time_utc": "2026-09-28T17:14:49.979626+00:00", "message": "Atlas DB-confirmed readiness"}
2026-09-28T17:14:55.4019805Z {"type": "stage", "stage": "game_services_first", "status": "running", "time_utc": "2026-09-28T17:14:54.999023+00:00", "message": "Atlas DB-confirmed readiness"}
2026-09-28T17:15:00.4028907Z {"type": "stage", "stage": "game_services_first", "status": "running", "time_utc": "2026-09-28T17:15:00.018726+00:00", "message": "Atlas DB-confirmed readiness"}
2026-09-28T17:15:05.4036935Z {"type": "stage", "stage": "game_services_first", "status": "running", "time_utc": "2026-09-28T17:15:05.038820+00:00", "message": "Atlas DB-confirmed readiness"}
2026-09-28T17:15:10.4045548Z {"type": "stage", "stage": "game_services_first", "status": "running", "time_utc": "2026-09-28T17:15:10.058852+00:00", "message": "Atlas DB-confirmed readiness"}
2026-09-28T17:15:15.4054347Z {"type": "stage", "stage": "game_services_first", "status": "running", "time_utc": "2026-09-28T17:15:15.078281+00:00", "message": "Atlas DB-confirmed readiness"}
2026-09-28T17:15:20.4062793Z {"type": "stage", "stage": "game_services_first", "status": "running", "time_utc": "2026-09-28T17:15:20.097665+00:00", "message": "Atlas DB-confirmed readiness"}
2026-09-28T17:15:25.4071127Z {"type": "stage", "stage": "game_services_first", "status": "running", "time_utc": "2026-09-28T17:15:25.117799+00:00", "message": "Atlas DB-confirmed readiness"}
2026-09-28T17:15:30.4079503Z {"type": "stage", "stage": "game_services_first", "status": "running", "time_utc": "2026-09-28T17:15:30.137081+00:00", "message": "Atlas DB-confirmed readiness"}
2026-09-28T17:15:35.4088794Z {"type": "stage", "stage": "game_services_first", "status": "running", "time_utc": "2026-09-28T17:15:34.960385+00:00", "message": "Running real DbServer game-query-first-ready \u00b7 0 s"}
2026-09-28T17:15:37.4092133Z {"type": "stage", "stage": "game_services_first", "status": "running", "time_utc": "2026-09-28T17:15:37.077490+00:00", "message": "Atlas DB-confirmed readiness"}
2026-09-28T17:15:42.4100599Z {"type": "stage", "stage": "game_services_first", "status": "running", "time_utc": "2026-09-28T17:15:42.097266+00:00", "message": "Atlas DB-confirmed readiness"}
2026-09-28T17:15:47.4108567Z {"type": "stage", "stage": "game_services_first", "status": "running", "time_utc": "2026-09-28T17:15:47.116953+00:00", "message": "Atlas DB-confirmed readiness"}
2026-09-28T17:15:52.4116962Z {"type": "stage", "stage": "game_services_first", "status": "running", "time_utc": "2026-09-28T17:15:52.136900+00:00", "message": "Atlas DB-confirmed readiness"}
2026-09-28T17:15:57.4125593Z {"type": "stage", "stage": "game_services_first", "status": "running", "time_utc": "2026-09-28T17:15:57.156433+00:00", "message": "Atlas DB-confirmed readiness"}
2026-09-28T17:16:02.4134256Z {"type": "stage", "stage": "game_services_first", "status": "running", "time_utc": "2026-09-28T17:16:02.176210+00:00", "message": "Atlas DB-confirmed readiness"}
2026-09-28T17:16:07.4143094Z {"type": "stage", "stage": "game_services_first", "status": "running", "time_utc": "2026-09-28T17:16:07.196236+00:00", "message": "Atlas DB-confirmed readiness"}
2026-09-28T17:16:12.4151298Z {"type": "stage", "stage": "game_services_first", "status": "running", "time_utc": "2026-09-28T17:16:12.215849+00:00", "message": "Atlas DB-confirmed readiness"}
2026-09-28T17:16:17.4160416Z {"type": "stage", "stage": "game_services_first", "status": "running", "time_utc": "2026-09-28T17:16:17.235780+00:00", "message": "Atlas DB-confirmed readiness"}
2026-09-28T17:16:22.4168842Z {"type": "stage", "stage": "game_services_first", "status": "running", "time_utc": "2026-09-28T17:16:22.256038+00:00", "message": "Atlas DB-confirmed readiness"}
2026-09-28T17:16:27.4179937Z {"type": "stage", "stage": "game_services_first", "status": "running", "time_utc": "2026-09-28T17:16:27.276551+00:00", "message": "Atlas DB-confirmed readiness"}
2026-09-28T17:16:32.4188755Z {"type": "stage", "stage": "game_services_first", "status": "running", "time_utc": "2026-09-28T17:16:32.296795+00:00", "message": "Atlas DB-confirmed readiness"}
2026-09-28T17:16:37.4197553Z {"type": "stage", "stage": "game_services_first", "status": "running", "time_utc": "2026-09-28T17:16:37.121329+00:00", "message": "Running real DbServer game-query-first-ready \u00b7 0 s"}
2026-09-28T17:16:39.4202060Z {"type": "stage", "stage": "game_services_first", "status": "running", "time_utc": "2026-09-28T17:16:39.087702+00:00", "message": "Atlas DB-confirmed readiness"}
2026-09-28T17:16:44.4210830Z {"type": "stage", "stage": "game_services_first", "status": "running", "time_utc": "2026-09-28T17:16:44.108371+00:00", "message": "Atlas DB-confirmed readiness"}
2026-09-28T17:16:49.4218592Z {"type": "stage", "stage": "game_services_first", "status": "running", "time_utc": "2026-09-28T17:16:49.128409+00:00", "message": "Atlas DB-confirmed readiness"}
2026-09-28T17:16:54.4227102Z {"type": "stage", "stage": "game_services_first", "status": "running", "time_utc": "2026-09-28T17:16:54.148952+00:00", "message": "Atlas DB-confirmed readiness"}
2026-09-28T17:16:59.4235760Z {"type": "stage", "stage": "game_services_first", "status": "running", "time_utc": "2026-09-28T17:16:59.170328+00:00", "message": "Atlas DB-confirmed readiness"}
2026-09-28T17:17:04.4245300Z {"type": "stage", "stage": "game_services_first", "status": "running", "time_utc": "2026-09-28T17:17:04.190697+00:00", "message": "Atlas DB-confirmed readiness"}
2026-09-28T17:17:09.4253807Z {"type": "stage", "stage": "game_services_first", "status": "running", "time_utc": "2026-09-28T17:17:09.209746+00:00", "message": "Atlas DB-confirmed readiness"}
2026-09-28T17:17:14.4262395Z {"type": "stage", "stage": "game_services_first", "status": "running", "time_utc": "2026-09-28T17:17:14.228840+00:00", "message": "Atlas DB-confirmed readiness"}
2026-09-28T17:17:19.4271012Z {"type": "stage", "stage": "game_services_first", "status": "running", "time_utc": "2026-09-28T17:17:19.247786+00:00", "message": "Atlas DB-confirmed readiness"}
2026-09-28T17:17:24.4280084Z {"type": "stage", "stage": "game_services_first", "status": "running", "time_utc": "2026-09-28T17:17:24.266579+00:00", "message": "Atlas DB-confirmed readiness"}
2026-09-28T17:17:29.4288280Z {"type": "stage", "stage": "game_services_first", "status": "running", "time_utc": "2026-09-28T17:17:29.286054+00:00", "message": "Atlas DB-confirmed readiness"}
2026-09-28T17:17:34.4296683Z {"type": "stage", "stage": "game_services_first", "status": "running", "time_utc": "2026-09-28T17:17:34.304697+00:00", "message": "Atlas DB-confirmed readiness"}
2026-09-28T17:17:39.4305396Z {"type": "stage", "stage": "game_services_first", "status": "running", "time_utc": "2026-09-28T17:17:39.128486+00:00", "message": "Running real DbServer game-query-first-ready \u00b7 0 s"}
2026-09-28T17:17:41.4309690Z {"type": "stage", "stage": "game_services_first", "status": "running", "time_utc": "2026-09-28T17:17:41.144991+00:00", "message": "Atlas DB-confirmed readiness"}
2026-09-28T17:17:46.4318601Z {"type": "stage", "stage": "game_services_first", "status": "running", "time_utc": "2026-09-28T17:17:46.164398+00:00", "message": "Atlas DB-confirmed readiness"}
2026-09-28T17:17:51.4327334Z {"type": "stage", "stage": "game_services_first", "status": "running", "time_utc": "2026-09-28T17:17:51.183754+00:00", "message": "Atlas DB-confirmed readiness"}
2026-09-28T17:17:56.4335866Z {"type": "stage", "stage": "game_services_first", "status": "running", "time_utc": "2026-09-28T17:17:56.202891+00:00", "message": "Atlas DB-confirmed readiness"}
2026-09-28T17:18:01.4344433Z {"type": "stage", "stage": "game_services_first", "status": "running", "time_utc": "2026-09-28T17:18:01.221772+00:00", "message": "Atlas DB-confirmed readiness"}
2026-09-28T17:18:06.4352820Z {"type": "stage", "stage": "game_services_first", "status": "running", "time_utc": "2026-09-28T17:18:06.240729+00:00", "message": "Atlas DB-confirmed readiness"}
2026-09-28T17:18:11.4361613Z {"type": "stage", "stage": "game_services_first", "status": "running", "time_utc": "2026-09-28T17:18:11.259431+00:00", "message": "Atlas DB-confirmed readiness"}
2026-09-28T17:18:16.4370337Z {"type": "stage", "stage": "game_services_first", "status": "running", "time_utc": "2026-09-28T17:18:16.278361+00:00", "message": "Atlas DB-confirmed readiness"}
2026-09-28T17:18:21.4378715Z {"type": "stage", "stage": "game_services_first", "status": "running", "time_utc": "2026-09-28T17:18:21.297481+00:00", "message": "Atlas DB-confirmed readiness"}
2026-09-28T17:18:26.4387293Z {"type": "stage", "stage": "game_services_first", "status": "running", "time_utc": "2026-09-28T17:18:26.316744+00:00", "message": "Atlas DB-confirmed readiness"}
2026-09-28T17:18:31.4395489Z {"type": "stage", "stage": "game_services_first", "status": "running", "time_utc": "2026-09-28T17:18:31.335868+00:00", "message": "Atlas DB-confirmed readiness"}
2026-09-28T17:18:36.4404397Z {"type": "stage", "stage": "game_services_first", "status": "running", "time_utc": "2026-09-28T17:18:36.355138+00:00", "message": "Atlas DB-confirmed readiness"}
2026-09-28T17:18:41.4413172Z {"type": "stage", "stage": "game_services_first", "status": "running", "time_utc": "2026-09-28T17:18:41.176356+00:00", "message": "Running real DbServer game-query-first-ready \u00b7 0 s"}
2026-09-28T17:18:43.4416928Z {"type": "stage", "stage": "game_services_first", "status": "running", "time_utc": "2026-09-28T17:18:43.192814+00:00", "message": "Atlas DB-confirmed readiness"}
2026-09-28T17:18:48.4425489Z {"type": "stage", "stage": "game_services_first", "status": "running", "time_utc": "2026-09-28T17:18:48.211779+00:00", "message": "Atlas DB-confirmed readiness"}
2026-09-28T17:18:53.4434053Z {"type": "stage", "stage": "game_services_first", "status": "running", "time_utc": "2026-09-28T17:18:53.231153+00:00", "message": "Atlas DB-confirmed readiness"}
2026-09-28T17:18:58.4442949Z {"type": "stage", "stage": "game_services_first", "status": "running", "time_utc": "2026-09-28T17:18:58.249984+00:00", "message": "Atlas DB-confirmed readiness"}
2026-09-28T17:19:03.4451777Z {"type": "stage", "stage": "game_services_first", "status": "running", "time_utc": "2026-09-28T17:19:03.269487+00:00", "message": "Atlas DB-confirmed readiness"}
2026-09-28T17:19:08.4460018Z {"type": "stage", "stage": "game_services_first", "status": "running", "time_utc": "2026-09-28T17:19:08.288664+00:00", "message": "Atlas DB-confirmed readiness"}
2026-09-28T17:19:13.4468442Z {"type": "stage", "stage": "game_services_first", "status": "running", "time_utc": "2026-09-28T17:19:13.308213+00:00", "message": "Atlas DB-confirmed readiness"}
2026-09-28T17:19:18.4476815Z {"type": "stage", "stage": "game_services_first", "status": "running", "time_utc": "2026-09-28T17:19:18.327494+00:00", "message": "Atlas DB-confirmed readiness"}
2026-09-28T17:19:23.4485400Z {"type": "stage", "stage": "game_services_first", "status": "running", "time_utc": "2026-09-28T17:19:23.346564+00:00", "message": "Atlas DB-confirmed readiness"}
2026-09-28T17:19:28.4493577Z {"type": "stage", "stage": "game_services_first", "status": "running", "time_utc": "2026-09-28T17:19:28.366397+00:00", "message": "Atlas DB-confirmed readiness"}
2026-09-28T17:19:33.4501125Z {"type": "stage", "stage": "game_services_first", "status": "running", "time_utc": "2026-09-28T17:19:33.385738+00:00", "message": "Atlas DB-confirmed readiness"}
2026-09-28T17:19:38.4509708Z {"type": "stage", "stage": "game_services_first", "status": "running", "time_utc": "2026-09-28T17:19:38.404877+00:00", "message": "Atlas DB-confirmed readiness"}
2026-09-28T17:19:43.4518195Z {"type": "stage", "stage": "game_services_first", "status": "running", "time_utc": "2026-09-28T17:19:43.227760+00:00", "message": "Running real DbServer game-query-first-ready \u00b7 0 s"}
2026-09-28T17:19:45.4522702Z {"type": "stage", "stage": "game_services_first", "status": "passed", "time_utc": "2026-09-28T17:19:44.588388+00:00"}
2026-09-28T17:19:45.4523443Z {"type": "stage", "stage": "atlas_ready_observation", "status": "running", "time_utc": "2026-09-28T17:19:44.588585+00:00"}
2026-09-28T17:19:45.4524960Z {"type": "stage", "stage": "atlas_ready_observation", "status": "running", "time_utc": "2026-09-28T17:19:44.592791+00:00", "message": "Running real DbServer game-query-first-observation \u00b7 0 s"}
2026-09-28T17:19:46.4525464Z {"type": "stage", "stage": "atlas_ready_observation", "status": "running", "time_utc": "2026-09-28T17:19:45.955482+00:00", "message": "Observing live Atlas heartbeats"}
2026-09-28T17:19:51.4534689Z {"type": "stage", "stage": "atlas_ready_observation", "status": "running", "time_utc": "2026-09-28T17:19:50.975154+00:00", "message": "Observing live Atlas heartbeats"}
2026-09-28T17:19:56.4543031Z {"type": "stage", "stage": "atlas_ready_observation", "status": "running", "time_utc": "2026-09-28T17:19:55.998918+00:00", "message": "Running real DbServer game-query-first-observation \u00b7 0 s"}
2026-09-28T17:19:57.4545604Z {"type": "stage", "stage": "atlas_ready_observation", "status": "running", "time_utc": "2026-09-28T17:19:57.359914+00:00", "message": "Observing live Atlas heartbeats"}
2026-09-28T17:20:02.4554509Z {"type": "stage", "stage": "atlas_ready_observation", "status": "running", "time_utc": "2026-09-28T17:20:02.379542+00:00", "message": "Observing live Atlas heartbeats"}
2026-09-28T17:20:07.4562947Z {"type": "stage", "stage": "atlas_ready_observation", "status": "running", "time_utc": "2026-09-28T17:20:07.403253+00:00", "message": "Running real DbServer game-query-first-observation \u00b7 0 s"}
2026-09-28T17:20:09.4567415Z {"type": "stage", "stage": "atlas_ready_observation", "status": "running", "time_utc": "2026-09-28T17:20:08.764323+00:00", "message": "Observing live Atlas heartbeats"}
2026-09-28T17:20:14.4575626Z {"type": "stage", "stage": "atlas_ready_observation", "status": "running", "time_utc": "2026-09-28T17:20:13.784058+00:00", "message": "Observing live Atlas heartbeats"}
2026-09-28T17:20:15.4578550Z {"type": "stage", "stage": "atlas_ready_observation", "status": "running", "time_utc": "2026-09-28T17:20:14.792395+00:00", "message": "Running real DbServer game-query-first-observation \u00b7 0 s"}
2026-09-28T17:20:16.4581459Z {"type": "stage", "stage": "atlas_ready_observation", "status": "passed", "time_utc": "2026-09-28T17:20:16.153410+00:00"}
2026-09-28T17:20:16.4582454Z {"type": "stage", "stage": "game_create_and_connect", "status": "running", "time_utc": "2026-09-28T17:20:16.153574+00:00"}
2026-09-28T17:20:16.4583313Z {"type": "stage", "stage": "game_create_and_connect", "status": "running", "time_utc": "2026-09-28T17:20:16.215396+00:00", "message": "Owned TestClient console and launcher pipe"}
2026-09-28T17:20:19.4587844Z {"type": "stage", "stage": "game_create_and_connect", "status": "running", "time_utc": "2026-09-28T17:20:19.442720+00:00", "message": "Fresh character launcher identity"}
2026-09-28T17:20:25.4598334Z {"type": "stage", "stage": "game_create_and_connect", "status": "running", "time_utc": "2026-09-28T17:20:24.518851+00:00", "message": "Fresh character launcher identity"}
2026-09-28T17:20:30.4606860Z {"type": "stage", "stage": "game_create_and_connect", "status": "running", "time_utc": "2026-09-28T17:20:29.596463+00:00", "message": "Fresh character launcher identity"}
2026-09-28T17:20:35.4615727Z {"type": "stage", "stage": "game_create_and_connect", "status": "running", "time_utc": "2026-09-28T17:20:34.674331+00:00", "message": "Fresh character launcher identity"}
2026-09-28T17:20:40.4624246Z {"type": "stage", "stage": "game_create_and_connect", "status": "running", "time_utc": "2026-09-28T17:20:39.751461+00:00", "message": "Fresh character launcher identity"}
2026-09-28T17:20:45.4633004Z {"type": "stage", "stage": "game_create_and_connect", "status": "running", "time_utc": "2026-09-28T17:20:44.828279+00:00", "message": "Fresh character launcher identity"}
2026-09-28T17:20:50.4641359Z {"type": "stage", "stage": "game_create_and_connect", "status": "running", "time_utc": "2026-09-28T17:20:49.903943+00:00", "message": "Fresh character launcher identity"}
2026-09-28T17:20:55.4650050Z {"type": "stage", "stage": "game_create_and_connect", "status": "running", "time_utc": "2026-09-28T17:20:54.980066+00:00", "message": "Fresh character launcher identity"}
2026-09-28T17:21:00.4658526Z {"type": "stage", "stage": "game_create_and_connect", "status": "running", "time_utc": "2026-09-28T17:21:00.055807+00:00", "message": "Fresh character launcher identity"}
2026-09-28T17:21:05.4667725Z {"type": "stage", "stage": "game_create_and_connect", "status": "running", "time_utc": "2026-09-28T17:21:05.131397+00:00", "message": "Fresh character launcher identity"}
2026-09-28T17:21:10.4676395Z {"type": "stage", "stage": "game_create_and_connect", "status": "running", "time_utc": "2026-09-28T17:21:10.207133+00:00", "message": "Fresh character launcher identity"}
2026-09-28T17:21:15.4684254Z {"type": "stage", "stage": "game_create_and_connect", "status": "running", "time_utc": "2026-09-28T17:21:15.284543+00:00", "message": "Fresh character launcher identity"}
2026-09-28T17:21:20.4692726Z {"type": "stage", "stage": "game_create_and_connect", "status": "running", "time_utc": "2026-09-28T17:21:20.363282+00:00", "message": "Fresh character launcher identity"}
2026-09-28T17:21:25.4701223Z {"type": "stage", "stage": "game_create_and_connect", "status": "running", "time_utc": "2026-09-28T17:21:25.441012+00:00", "message": "Fresh character launcher identity"}
2026-09-28T17:21:31.4711688Z {"type": "stage", "stage": "game_create_and_connect", "status": "running", "time_utc": "2026-09-28T17:21:30.519679+00:00", "message": "Fresh character launcher identity"}
2026-09-28T17:21:36.4720004Z {"type": "stage", "stage": "game_create_and_connect", "status": "running", "time_utc": "2026-09-28T17:21:35.596692+00:00", "message": "Fresh character launcher identity"}
2026-09-28T17:21:41.4728751Z {"type": "stage", "stage": "game_create_and_connect", "status": "running", "time_utc": "2026-09-28T17:21:40.673929+00:00", "message": "Fresh character launcher identity"}
2026-09-28T17:21:46.4736858Z {"type": "stage", "stage": "game_create_and_connect", "status": "running", "time_utc": "2026-09-28T17:21:45.751381+00:00", "message": "Fresh character launcher identity"}
2026-09-28T17:21:51.4746052Z {"type": "stage", "stage": "game_create_and_connect", "status": "running", "time_utc": "2026-09-28T17:21:50.827730+00:00", "message": "Fresh character launcher identity"}
2026-09-28T17:21:56.4753873Z {"type": "stage", "stage": "game_create_and_connect", "status": "running", "time_utc": "2026-09-28T17:21:55.904091+00:00", "message": "Fresh character launcher identity"}
2026-09-28T17:22:01.4765023Z {"type": "stage", "stage": "game_create_and_connect", "status": "running", "time_utc": "2026-09-28T17:22:00.981935+00:00", "message": "Fresh character launcher identity"}
2026-09-28T17:22:06.4774047Z {"type": "stage", "stage": "game_create_and_connect", "status": "running", "time_utc": "2026-09-28T17:22:06.059057+00:00", "message": "Fresh character launcher identity"}
2026-09-28T17:22:11.4781732Z {"type": "stage", "stage": "game_create_and_connect", "status": "running", "time_utc": "2026-09-28T17:22:11.136112+00:00", "message": "Fresh character launcher identity"}
2026-09-28T17:22:16.4790444Z {"type": "stage", "stage": "game_create_and_connect", "status": "running", "time_utc": "2026-09-28T17:22:16.213094+00:00", "message": "Fresh character launcher identity"}
2026-09-28T17:22:21.4798687Z {"type": "stage", "stage": "game_create_and_connect", "status": "running", "time_utc": "2026-09-28T17:22:21.290159+00:00", "message": "Fresh character launcher identity"}
2026-09-28T17:22:26.4807129Z {"type": "stage", "stage": "game_create_and_connect", "status": "running", "time_utc": "2026-09-28T17:22:26.366422+00:00", "message": "Fresh character launcher identity"}
2026-09-28T17:22:31.4815653Z {"type": "stage", "stage": "game_create_and_connect", "status": "running", "time_utc": "2026-09-28T17:22:31.442344+00:00", "message": "Fresh character launcher identity"}
2026-09-28T17:22:37.4825711Z {"type": "stage", "stage": "game_create_and_connect", "status": "running", "time_utc": "2026-09-28T17:22:36.518526+00:00", "message": "Fresh character launcher identity"}
2026-09-28T17:22:42.4833428Z {"type": "stage", "stage": "game_create_and_connect", "status": "running", "time_utc": "2026-09-28T17:22:41.594790+00:00", "message": "Fresh character launcher identity"}
2026-09-28T17:22:47.4842563Z {"type": "stage", "stage": "game_create_and_connect", "status": "running", "time_utc": "2026-09-28T17:22:46.671849+00:00", "message": "Fresh character launcher identity"}
2026-09-28T17:22:52.4850298Z {"type": "stage", "stage": "game_create_and_connect", "status": "running", "time_utc": "2026-09-28T17:22:51.749600+00:00", "message": "Fresh character launcher identity"}
2026-09-28T17:22:57.4860049Z {"type": "stage", "stage": "game_create_and_connect", "status": "running", "time_utc": "2026-09-28T17:22:56.827019+00:00", "message": "Fresh character launcher identity"}
2026-09-28T17:23:02.4867789Z {"type": "stage", "stage": "game_create_and_connect", "status": "running", "time_utc": "2026-09-28T17:23:01.903148+00:00", "message": "Fresh character launcher identity"}
2026-09-28T17:23:07.4876926Z {"type": "stage", "stage": "game_create_and_connect", "status": "running", "time_utc": "2026-09-28T17:23:06.979248+00:00", "message": "Fresh character launcher identity"}
2026-09-28T17:23:12.4884713Z {"type": "stage", "stage": "game_create_and_connect", "status": "running", "time_utc": "2026-09-28T17:23:12.056081+00:00", "message": "Fresh character launcher identity"}
2026-09-28T17:23:17.4893790Z {"type": "stage", "stage": "game_create_and_connect", "status": "running", "time_utc": "2026-09-28T17:23:17.130131+00:00", "message": "Fresh character launcher identity"}
2026-09-28T17:23:22.4900941Z {"type": "stage", "stage": "game_create_and_connect", "status": "running", "time_utc": "2026-09-28T17:23:22.206799+00:00", "message": "Fresh character launcher identity"}
2026-09-28T17:23:27.4909581Z {"type": "stage", "stage": "game_create_and_connect", "status": "running", "time_utc": "2026-09-28T17:23:27.284996+00:00", "message": "Fresh character launcher identity"}
2026-09-28T17:23:32.4917706Z {"type": "stage", "stage": "game_create_and_connect", "status": "running", "time_utc": "2026-09-28T17:23:32.361019+00:00", "message": "Fresh character launcher identity"}
2026-09-28T17:23:37.4925727Z {"type": "stage", "stage": "game_create_and_connect", "status": "running", "time_utc": "2026-09-28T17:23:37.436421+00:00", "message": "Fresh character launcher identity"}
2026-09-28T17:23:41.4932896Z {"type": "stage", "stage": "game_create_and_connect", "status": "running", "time_utc": "2026-09-28T17:23:40.688721+00:00", "message": "Running real DbServer game-query-find-created \u00b7 0 s"}
2026-09-28T17:23:42.4935280Z {"type": "stage", "stage": "game_create_and_connect", "status": "running", "time_utc": "2026-09-28T17:23:42.309714+00:00", "message": "Running real DbServer game-query-created \u00b7 0 s"}
2026-09-28T17:23:45.4941687Z {"type": "stage", "stage": "game_create_and_connect", "status": "passed", "time_utc": "2026-09-28T17:23:44.574399+00:00"}
2026-09-28T17:23:45.4942586Z {"type": "stage", "stage": "game_live_currency", "status": "running", "time_utc": "2026-09-28T17:23:44.577144+00:00"}
2026-09-28T17:23:45.4943441Z {"type": "stage", "stage": "game_live_currency", "status": "running", "time_utc": "2026-09-28T17:23:44.582392+00:00", "message": "Bridge command acknowledgement"}
2026-09-28T17:23:45.4944362Z {"type": "stage", "stage": "game_live_currency", "status": "running", "time_utc": "2026-09-28T17:23:44.791395+00:00", "message": "Bridge command acknowledgement"}
2026-09-28T17:23:45.4945286Z {"type": "stage", "stage": "game_live_currency", "status": "running", "time_utc": "2026-09-28T17:23:44.993585+00:00", "message": "Live MapServer influence response"}
2026-09-28T17:23:46.4945311Z {"type": "stage", "stage": "game_live_currency", "status": "running", "time_utc": "2026-09-28T17:23:45.609706+00:00", "message": "Running real DbServer game-query-currency \u00b7 0 s"}
2026-09-28T17:23:48.4949459Z {"type": "stage", "stage": "game_live_currency", "status": "passed", "time_utc": "2026-09-28T17:23:47.935585+00:00"}
2026-09-28T17:23:48.4950754Z {"type": "stage", "stage": "game_protocol_logout_first", "status": "running", "time_utc": "2026-09-28T17:23:47.938181+00:00"}
2026-09-28T17:23:48.4951600Z {"type": "stage", "stage": "game_protocol_logout_first", "status": "running", "time_utc": "2026-09-28T17:23:48.403732+00:00", "message": "Bridge command acknowledgement"}
2026-09-28T17:23:49.4952813Z {"type": "stage", "stage": "game_protocol_logout_first", "status": "running", "time_utc": "2026-09-28T17:23:48.614136+00:00", "message": "Running real DbServer game-query-first-logout \u00b7 0 s"}
2026-09-28T17:23:52.4959242Z {"type": "stage", "stage": "game_protocol_logout_first", "status": "passed", "time_utc": "2026-09-28T17:23:51.809765+00:00"}
2026-09-28T17:23:52.4959937Z {"type": "stage", "stage": "game_restart", "status": "running", "time_utc": "2026-09-28T17:23:51.884888+00:00"}
2026-09-28T17:23:55.4966152Z {"type": "stage", "stage": "game_restart", "status": "passed", "time_utc": "2026-09-28T17:23:54.515387+00:00"}
2026-09-28T17:23:55.4967532Z {"type": "stage", "stage": "postgres_game_restart", "status": "running", "time_utc": "2026-09-28T17:23:54.515550+00:00"}
2026-09-28T17:23:55.4968242Z {"type": "stage", "stage": "postgres_game_restart", "status": "passed", "time_utc": "2026-09-28T17:23:54.730357+00:00"}
2026-09-28T17:23:55.4968926Z {"type": "stage", "stage": "game_services_restart", "status": "running", "time_utc": "2026-09-28T17:23:54.730526+00:00"}
2026-09-28T17:23:55.4969743Z {"type": "stage", "stage": "game_services_restart", "status": "running", "time_utc": "2026-09-28T17:23:54.815250+00:00", "message": "DbServer schema and local listener"}
2026-09-28T17:24:01.4976717Z {"type": "stage", "stage": "game_services_restart", "status": "running", "time_utc": "2026-09-28T17:24:00.568374+00:00", "message": "DbServer main-thread dispatch publication"}
2026-09-28T17:24:06.4983608Z {"type": "stage", "stage": "game_services_restart", "status": "running", "time_utc": "2026-09-28T17:24:05.599768+00:00", "message": "DbServer main-thread dispatch publication"}
2026-09-28T17:24:11.4992760Z {"type": "stage", "stage": "game_services_restart", "status": "running", "time_utc": "2026-09-28T17:24:10.634526+00:00", "message": "DbServer main-thread dispatch publication"}
2026-09-28T17:24:16.4999707Z {"type": "stage", "stage": "game_services_restart", "status": "running", "time_utc": "2026-09-28T17:24:15.667078+00:00", "message": "DbServer main-thread dispatch publication"}
2026-09-28T17:24:21.5008445Z {"type": "stage", "stage": "game_services_restart", "status": "running", "time_utc": "2026-09-28T17:24:20.698905+00:00", "message": "DbServer main-thread dispatch publication"}
2026-09-28T17:24:26.5016740Z {"type": "stage", "stage": "game_services_restart", "status": "running", "time_utc": "2026-09-28T17:24:25.731669+00:00", "message": "DbServer main-thread dispatch publication"}
2026-09-28T17:24:26.5017866Z {"type": "stage", "stage": "game_services_restart", "status": "running", "time_utc": "2026-09-28T17:24:26.137612+00:00", "message": "Running real DbServer game-query-restart-baseline \u00b7 0 s"}
2026-09-28T17:24:27.5019796Z {"type": "stage", "stage": "game_services_restart", "status": "running", "time_utc": "2026-09-28T17:24:27.356766+00:00", "message": "Running real DbServer game-query-restart-ready \u00b7 0 s"}
2026-09-28T17:24:29.5023836Z {"type": "stage", "stage": "game_services_restart", "status": "running", "time_utc": "2026-09-28T17:24:28.822987+00:00", "message": "Atlas DB-confirmed readiness"}
2026-09-28T17:24:34.5032502Z {"type": "stage", "stage": "game_services_restart", "status": "running", "time_utc": "2026-09-28T17:24:33.847543+00:00", "message": "Atlas DB-confirmed readiness"}
2026-09-28T17:24:39.5040662Z {"type": "stage", "stage": "game_services_restart", "status": "running", "time_utc": "2026-09-28T17:24:38.872784+00:00", "message": "Atlas DB-confirmed readiness"}
2026-09-28T17:24:44.5049210Z {"type": "stage", "stage": "game_services_restart", "status": "running", "time_utc": "2026-09-28T17:24:43.897455+00:00", "message": "Atlas DB-confirmed readiness"}
2026-09-28T17:24:49.5057543Z {"type": "stage", "stage": "game_services_restart", "status": "running", "time_utc": "2026-09-28T17:24:48.921781+00:00", "message": "Atlas DB-confirmed readiness"}
2026-09-28T17:24:54.5065624Z {"type": "stage", "stage": "game_services_restart", "status": "running", "time_utc": "2026-09-28T17:24:53.945825+00:00", "message": "Atlas DB-confirmed readiness"}
2026-09-28T17:24:59.5074359Z {"type": "stage", "stage": "game_services_restart", "status": "running", "time_utc": "2026-09-28T17:24:58.975206+00:00", "message": "Running real DbServer game-query-restart-ready \u00b7 0 s"}
2026-09-28T17:25:01.5077927Z {"type": "stage", "stage": "game_services_restart", "status": "running", "time_utc": "2026-09-28T17:25:00.689761+00:00", "message": "Atlas DB-confirmed readiness"}
2026-09-28T17:25:06.5086447Z {"type": "stage", "stage": "game_services_restart", "status": "running", "time_utc": "2026-09-28T17:25:05.714878+00:00", "message": "Atlas DB-confirmed readiness"}
2026-09-28T17:25:11.5094869Z {"type": "stage", "stage": "game_services_restart", "status": "running", "time_utc": "2026-09-28T17:25:10.739584+00:00", "message": "Atlas DB-confirmed readiness"}
2026-09-28T17:25:16.5103483Z {"type": "stage", "stage": "game_services_restart", "status": "running", "time_utc": "2026-09-28T17:25:15.764095+00:00", "message": "Atlas DB-confirmed readiness"}
2026-09-28T17:25:21.5111480Z {"type": "stage", "stage": "game_services_restart", "status": "running", "time_utc": "2026-09-28T17:25:20.788865+00:00", "message": "Atlas DB-confirmed readiness"}
2026-09-28T17:25:26.5120083Z {"type": "stage", "stage": "game_services_restart", "status": "running", "time_utc": "2026-09-28T17:25:25.813734+00:00", "message": "Atlas DB-confirmed readiness"}
2026-09-28T17:25:31.5128608Z {"type": "stage", "stage": "game_services_restart", "status": "running", "time_utc": "2026-09-28T17:25:30.843032+00:00", "message": "Running real DbServer game-query-restart-ready \u00b7 0 s"}
2026-09-28T17:25:33.5133194Z {"type": "stage", "stage": "game_services_restart", "status": "running", "time_utc": "2026-09-28T17:25:32.661391+00:00", "message": "Atlas DB-confirmed readiness"}
2026-09-28T17:25:38.5140862Z {"type": "stage", "stage": "game_services_restart", "status": "running", "time_utc": "2026-09-28T17:25:37.686534+00:00", "message": "Atlas DB-confirmed readiness"}
2026-09-28T17:25:43.5149520Z {"type": "stage", "stage": "game_services_restart", "status": "running", "time_utc": "2026-09-28T17:25:42.711664+00:00", "message": "Atlas DB-confirmed readiness"}
2026-09-28T17:25:48.5157441Z {"type": "stage", "stage": "game_services_restart", "status": "running", "time_utc": "2026-09-28T17:25:47.737574+00:00", "message": "Atlas DB-confirmed readiness"}
2026-09-28T17:25:53.5165220Z {"type": "stage", "stage": "game_services_restart", "status": "running", "time_utc": "2026-09-28T17:25:52.763134+00:00", "message": "Atlas DB-confirmed readiness"}
2026-09-28T17:25:58.5174158Z {"type": "stage", "stage": "game_services_restart", "status": "running", "time_utc": "2026-09-28T17:25:57.788274+00:00", "message": "Atlas DB-confirmed readiness"}
2026-09-28T17:26:03.5182560Z {"type": "stage", "stage": "game_services_restart", "status": "running", "time_utc": "2026-09-28T17:26:02.820442+00:00", "message": "Running real DbServer game-query-restart-ready \u00b7 0 s"}
2026-09-28T17:26:05.5186544Z {"type": "stage", "stage": "game_services_restart", "status": "running", "time_utc": "2026-09-28T17:26:04.638501+00:00", "message": "Atlas DB-confirmed readiness"}
2026-09-28T17:26:10.5195405Z {"type": "stage", "stage": "game_services_restart", "status": "running", "time_utc": "2026-09-28T17:26:09.662672+00:00", "message": "Atlas DB-confirmed readiness"}
2026-09-28T17:26:15.5203804Z {"type": "stage", "stage": "game_services_restart", "status": "running", "time_utc": "2026-09-28T17:26:14.687828+00:00", "message": "Atlas DB-confirmed readiness"}
2026-09-28T17:26:20.5212445Z {"type": "stage", "stage": "game_services_restart", "status": "running", "time_utc": "2026-09-28T17:26:19.712674+00:00", "message": "Atlas DB-confirmed readiness"}
2026-09-28T17:26:25.5221242Z {"type": "stage", "stage": "game_services_restart", "status": "running", "time_utc": "2026-09-28T17:26:24.736510+00:00", "message": "Atlas DB-confirmed readiness"}
2026-09-28T17:26:30.5229903Z {"type": "stage", "stage": "game_services_restart", "status": "running", "time_utc": "2026-09-28T17:26:29.761818+00:00", "message": "Atlas DB-confirmed readiness"}
2026-09-28T17:26:35.5238231Z {"type": "stage", "stage": "game_services_restart", "status": "running", "time_utc": "2026-09-28T17:26:34.791267+00:00", "message": "Running real DbServer game-query-restart-ready \u00b7 0 s"}
2026-09-28T17:26:36.5240642Z {"type": "stage", "stage": "game_services_restart", "status": "running", "time_utc": "2026-09-28T17:26:36.355260+00:00", "message": "Atlas DB-confirmed readiness"}
2026-09-28T17:26:41.5252150Z {"type": "stage", "stage": "game_services_restart", "status": "running", "time_utc": "2026-09-28T17:26:41.379830+00:00", "message": "Atlas DB-confirmed readiness"}
2026-09-28T17:26:46.5260609Z {"type": "stage", "stage": "game_services_restart", "status": "running", "time_utc": "2026-09-28T17:26:46.403712+00:00", "message": "Atlas DB-confirmed readiness"}
2026-09-28T17:26:51.5269171Z {"type": "stage", "stage": "game_services_restart", "status": "running", "time_utc": "2026-09-28T17:26:51.429267+00:00", "message": "Atlas DB-confirmed readiness"}
2026-09-28T17:26:56.5277801Z {"type": "stage", "stage": "game_services_restart", "status": "running", "time_utc": "2026-09-28T17:26:56.452678+00:00", "message": "Atlas DB-confirmed readiness"}
2026-09-28T17:27:01.5286356Z {"type": "stage", "stage": "game_services_restart", "status": "running", "time_utc": "2026-09-28T17:27:01.476312+00:00", "message": "Atlas DB-confirmed readiness"}
2026-09-28T17:27:06.5294687Z {"type": "stage", "stage": "game_services_restart", "status": "running", "time_utc": "2026-09-28T17:27:06.504655+00:00", "message": "Running real DbServer game-query-restart-ready \u00b7 0 s"}
2026-09-28T17:27:08.5299150Z {"type": "stage", "stage": "game_services_restart", "status": "passed", "time_utc": "2026-09-28T17:27:07.718256+00:00"}
2026-09-28T17:27:08.5300208Z {"type": "stage", "stage": "game_resume_exact_name", "status": "running", "time_utc": "2026-09-28T17:27:08.012945+00:00"}
2026-09-28T17:27:08.5301285Z {"type": "stage", "stage": "game_resume_exact_name", "status": "running", "time_utc": "2026-09-28T17:27:08.017851+00:00", "message": "Owned TestClient console and launcher pipe"}
2026-09-28T17:27:11.5305857Z {"type": "stage", "stage": "game_resume_exact_name", "status": "running", "time_utc": "2026-09-28T17:27:11.045907+00:00", "message": "Exact-name resume and processed server entity update"}
2026-09-28T17:27:16.5315525Z {"type": "stage", "stage": "game_resume_exact_name", "status": "running", "time_utc": "2026-09-28T17:27:16.112212+00:00", "message": "Exact-name resume and processed server entity update"}
2026-09-28T17:27:21.5323899Z {"type": "stage", "stage": "game_resume_exact_name", "status": "running", "time_utc": "2026-09-28T17:27:21.179364+00:00", "message": "Exact-name resume and processed server entity update"}
2026-09-28T17:27:26.5332426Z {"type": "stage", "stage": "game_resume_exact_name", "status": "running", "time_utc": "2026-09-28T17:27:26.243768+00:00", "message": "Exact-name resume and processed server entity update"}
2026-09-28T17:27:31.5340871Z {"type": "stage", "stage": "game_resume_exact_name", "status": "running", "time_utc": "2026-09-28T17:27:31.309515+00:00", "message": "Exact-name resume and processed server entity update"}
2026-09-28T17:27:36.5348890Z {"type": "stage", "stage": "game_resume_exact_name", "status": "running", "time_utc": "2026-09-28T17:27:36.374623+00:00", "message": "Exact-name resume and processed server entity update"}
2026-09-28T17:27:41.5357571Z {"type": "stage", "stage": "game_resume_exact_name", "status": "running", "time_utc": "2026-09-28T17:27:41.441060+00:00", "message": "Exact-name resume and processed server entity update"}
2026-09-28T17:27:46.5366295Z {"type": "stage", "stage": "game_resume_exact_name", "status": "running", "time_utc": "2026-09-28T17:27:46.507217+00:00", "message": "Exact-name resume and processed server entity update"}
2026-09-28T17:27:52.5376083Z {"type": "stage", "stage": "game_resume_exact_name", "status": "running", "time_utc": "2026-09-28T17:27:51.573857+00:00", "message": "Exact-name resume and processed server entity update"}
2026-09-28T17:27:57.5384334Z {"type": "stage", "stage": "game_resume_exact_name", "status": "running", "time_utc": "2026-09-28T17:27:56.638052+00:00", "message": "Exact-name resume and processed server entity update"}
2026-09-28T17:28:02.5393862Z {"type": "stage", "stage": "game_resume_exact_name", "status": "running", "time_utc": "2026-09-28T17:28:01.704786+00:00", "message": "Exact-name resume and processed server entity update"}
2026-09-28T17:28:07.5402223Z {"type": "stage", "stage": "game_resume_exact_name", "status": "running", "time_utc": "2026-09-28T17:28:06.780978+00:00", "message": "Running real DbServer game-query-resumed \u00b7 0 s"}
2026-09-28T17:28:09.5406877Z {"type": "stage", "stage": "game_resume_exact_name", "status": "passed", "time_utc": "2026-09-28T17:28:09.267927+00:00"}
2026-09-28T17:28:09.5407666Z {"type": "stage", "stage": "game_protocol_logout_second", "status": "running", "time_utc": "2026-09-28T17:28:09.270984+00:00"}
2026-09-28T17:28:10.5409617Z {"type": "stage", "stage": "game_protocol_logout_second", "status": "running", "time_utc": "2026-09-28T17:28:10.204469+00:00", "message": "Bridge command acknowledgement"}
2026-09-28T17:28:10.5410705Z {"type": "stage", "stage": "game_protocol_logout_second", "status": "running", "time_utc": "2026-09-28T17:28:10.411902+00:00", "message": "Protocol QuitNow request confirmation"}
2026-09-28T17:28:11.5413601Z {"type": "stage", "stage": "game_protocol_logout_second", "status": "running", "time_utc": "2026-09-28T17:28:10.620869+00:00", "message": "Running real DbServer game-query-second-logout \u00b7 0 s"}
2026-09-28T17:28:14.5420610Z {"type": "stage", "stage": "game_protocol_logout_second", "status": "passed", "time_utc": "2026-09-28T17:28:14.299558+00:00"}
2026-09-28T17:28:18.8665192Z e"}
2026-09-28T17:28:18.8665941Z {"type": "stage", "stage": "game_resume_exact_name", "time_utc": "2026-09-28T17:28:01.704786+00:00", "status": "running", "message": "Exact-name resume and processed server entity update"}
2026-09-28T17:28:18.8667009Z {"type": "stage", "stage": "game_resume_exact_name", "time_utc": "2026-09-28T17:28:06.780978+00:00", "status": "running", "message": "Running real DbServer game-query-resumed \u00b7 0 s"}
2026-09-28T17:28:18.8669580Z {"type": "log", "stage": "game_resume_exact_name", "time_utc": "2026-09-28T17:28:08.345305+00:00", "label": "game-query-resumed", "message": "02a0:err:environ:init_peb starting L\"Z:\\\\state\\\\diagnostic\\\\game-61761fb2bdde\\\\MapServer.exe\" in experimental wow64 mode\nstarted 2026-09-28 17:28:08\r\nQuitting: Z:\\state\\diagnostic\\game-61761fb2bdde\\MapServer.exe  -db 127.0.0.1 -dbquery -timeout 10000 -getstatus 3 1 \r\n[2026-09-28 17:28:08.088] [INFO] Initialized error log Z:/state/diagnostic/game-61761fb2bdde/logs/mapserver/errorLogLastRun.log\r\n    1 Name TEST01443        Auth CohA318dc5a821   Ip 127.0.0.1        MapId 1 SmapId 1  \r\n"}
2026-09-28T17:28:18.8671876Z {"type": "stage", "stage": "game_resume_exact_name", "time_utc": "2026-09-28T17:28:09.267927+00:00", "status": "passed"}
2026-09-28T17:28:18.8672769Z {"type": "stage", "stage": "game_protocol_logout_second", "time_utc": "2026-09-28T17:28:09.270984+00:00", "status": "running"}
2026-09-28T17:28:18.8673610Z {"type": "stage", "stage": "game_protocol_logout_second", "time_utc": "2026-09-28T17:28:10.204469+00:00", "status": "running", "message": "Bridge command acknowledgement"}
2026-09-28T17:28:18.8674589Z {"type": "stage", "stage": "game_protocol_logout_second", "time_utc": "2026-09-28T17:28:10.411902+00:00", "status": "running", "message": "Protocol QuitNow request confirmation"}
2026-09-28T17:28:18.8676020Z {"type": "stage", "stage": "game_protocol_logout_second", "time_utc": "2026-09-28T17:28:10.620869+00:00", "status": "running", "message": "Running real DbServer game-query-second-logout \u00b7 0 s"}
2026-09-28T17:28:18.8678394Z {"type": "log", "stage": "game_protocol_logout_second", "time_utc": "2026-09-28T17:28:12.034213+00:00", "label": "game-query-second-logout", "message": "02ac:err:environ:init_peb starting L\"Z:\\\\state\\\\diagnostic\\\\game-61761fb2bdde\\\\MapServer.exe\" in experimental wow64 mode\nstarted 2026-09-28 17:28:11\r\nQuitting: Z:\\state\\diagnostic\\game-61761fb2bdde\\MapServer.exe  -db 127.0.0.1 -dbquery -timeout 10000 -getstatus 3 1 \r\n[2026-09-28 17:28:11.840] [INFO] Initialized error log Z:/state/diagnostic/game-61761fb2bdde/logs/mapserver/errorLogLastRun.log\r\ninvalid container request\r\n"}
2026-09-28T17:28:18.8681525Z {"type": "log", "stage": "game_protocol_logout_second", "time_utc": "2026-09-28T17:28:12.089295+00:00", "label": "sql-fixture", "message": "[{\"containerid\":1,\"authid\":1638737196,\"authname\":\"CohA318dc5a821\",\"name\":\"TEST01443\",\"class\":250,\"origin\":255,\"level\":null,\"experiencepoints\":null,\"influencepoints\":12345,\"description\":\"I was born to destroy newb\\\\ss\",\"motto\":\"TEST01443\",\"datecreated\":\"2026-09-28T17:23:39\",\"logincount\":2}]\n"}
2026-09-28T17:28:18.8683950Z {"type": "log", "stage": "game_protocol_logout_second", "time_utc": "2026-09-28T17:28:12.143987+00:00", "label": "sql-fixture", "message": "[{\"containerid\":1,\"subid\":0,\"curbuild\":null,\"originalprimary\":\"Sonic_Debuff\",\"originalsecondary\":\"Assault_Rifle\",\"praetorianprogress\":null,\"playersubtype\":null,\"influencetype\":null}]\n"}
2026-09-28T17:28:18.8691208Z {"type": "log", "stage": "game_protocol_logout_second", "time_utc": "2026-09-28T17:28:12.198768+00:00", "label": "sql-fixture", "message": "[{\"containerid\":1,\"subid\":0,\"powerid\":1,\"categoryname\":2312,\"powersetname\":2312,\"powername\":3119,\"powerlevelbought\":null,\"powernumboostsbought\":null,\"powersetlevelbought\":null,\"buildnum\":null,\"uniqueid\":1491660769}, \n {\"containerid\":1,\"subid\":1,\"powerid\":2,\"categoryname\":1367,\"powersetname\":1367,\"powername\":408,\"powerlevelbought\":null,\"powernumboostsbought\":null,\"powersetlevelbought\":null,\"buildnum\":null,\"uniqueid\":1327800208}, \n {\"containerid\":1,\"subid\":2,\"powerid\":3,\"categoryname\":1367,\"powersetname\":1367,\"powername\":6759,\"powerlevelbought\":null,\"powernumboostsbought\":null,\"powersetlevelbought\":null,\"buildnum\":null,\"uniqueid\":446960276}, \n {\"containerid\":1,\"subid\":3,\"powerid\":4,\"categoryname\":1367,\"powersetname\":1367,\"powername\":6756,\"powerlevelbought\":null,\"powernumboostsbought\":null,\"powersetlevelbought\":null,\"buildnum\":null,\"uniqueid\":1598813304}, \n {\"containerid\":1,\"subid\":4,\"powerid\":5,\"categoryname\":1367,\"powersetname\":1367,\"powername\":6736,\"powerlevelbought\":null,\"powernumboostsbought\":null,\"powersetlevelbought\":null,\"buildnum\":null,\"uniqueid\":49739768}, \n {\"containerid\":1,\"subid\":5,\"powerid\":6,\"categoryname\":1367,\"powersetname\":1367,\"powername\":6735,\"powerlevelbought\":null,\"powernumboostsbought\":null,\"powersetlevelbought\":null,\"buildnum\":null,\"uniqueid\":101672052}, \n {\"containerid\":1,\"subid\":6,\"powerid\":7,\"categoryname\":8541,\"powersetname\":6120,\"powername\":1283,\"powerlevelbought\":null,\"powernumboostsbought\":null,\"powersetlevelbought\":null,\"buildnum\":null,\"uniqueid\":407355682}, \n {\"containerid\":1,\"subid\":7,\"powerid\":8,\"categoryname\":8539,\"powersetname\":805,\"powername\":773,\"powerlevelbought\":null,\"powernumboostsbought\":null,\"powersetlevelbought\":null,\"buildnum\":null,\"uniqueid\":1105902160}]\n"}
2026-09-28T17:28:18.8707709Z {"type": "log", "stage": "game_protocol_logout_second", "time_utc": "2026-09-28T17:28:12.253583+00:00", "label": "sql-fixture", "message": "[{\"containerid\":1,\"subid\":0,\"name\":null,\"geom\":18626,\"tex1\":17998,\"tex2\":18616,\"displayname\":null,\"region\":17890,\"bodyset\":18623,\"color1\":13799666,\"color2\":4522188,\"costumenum\":null,\"fxname\":null,\"color3\":null,\"color4\":null}, \n {\"containerid\":1,\"subid\":1,\"name\":null,\"geom\":20028,\"tex1\":18310,\"tex2\":18616,\"displayname\":null,\"region\":18669,\"bodyset\":19706,\"color1\":13799666,\"color2\":4522188,\"costumenum\":null,\"fxname\":null,\"color3\":null,\"color4\":null}, \n {\"containerid\":1,\"subid\":2,\"name\":null,\"geom\":16437,\"tex1\":16517,\"tex2\":16567,\"displayname\":null,\"region\":11808,\"bodyset\":20913,\"color1\":13799666,\"color2\":4522188,\"costumenum\":null,\"fxname\":null,\"color3\":null,\"color4\":null}, \n {\"containerid\":1,\"subid\":3,\"name\":null,\"geom\":19906,\"tex1\":18854,\"tex2\":18855,\"displayname\":null,\"region\":18669,\"bodyset\":19706,\"color1\":13799666,\"color2\":4522188,\"costumenum\":null,\"fxname\":null,\"color3\":null,\"color4\":null}, \n {\"containerid\":1,\"subid\":4,\"name\":null,\"geom\":18270,\"tex1\":18023,\"tex2\":18475,\"displayname\":null,\"region\":17890,\"bodyset\":18623,\"color1\":13799666,\"color2\":4522188,\"costumenum\":null,\"fxname\":null,\"color3\":null,\"color4\":null}, \n {\"containerid\":1,\"subid\":5,\"name\":null,\"geom\":19796,\"tex1\":18709,\"tex2\":18710,\"displayname\":null,\"region\":18669,\"bodyset\":19706,\"color1\":13799666,\"color2\":4522188,\"costumenum\":null,\"fxname\":null,\"color3\":null,\"color4\":null}, \n {\"containerid\":1,\"subid\":6,\"name\":null,\"geom\":20928,\"tex1\":20929,\"tex2\":null,\"displayname\":null,\"region\":11808,\"bodyset\":20913,\"color1\":13799666,\"color2\":4522188,\"costumenum\":null,\"fxname\":null,\"color3\":null,\"color4\":null}, \n {\"containerid\":1,\"subid\":8,\"name\":null,\"geom\":null,\"tex1\":null,\"tex2\":null,\"displayname\":null,\"region\":11808,\"bodyset\":20913,\"color1\":13799666,\"color2\":4522188,\"costumenum\":null,\"fxname\":null,\"color3\":null,\"color4\":null}, \n {\"containerid\":1,\"subid\":9,\"name\":null,\"geom\":19999,\"tex1\":17679,\"tex2\":8305,\"displayname\":null,\"region\":18669,\"bodyset\":19706,\"color1\":13799666,\"color2\":4522188,\"costumenum\":null,\"fxname\":null,\"color3\":null,\"color4\":null}, \n {\"containerid\":1,\"subid\":10,\"name\":null,\"geom\":null,\"tex1\":null,\"tex2\":null,\"displayname\":null,\"region\":18669,\"bodyset\":19706,\"color1\":13799666,\"color2\":4522188,\"costumenum\":null,\"fxname\":null,\"color3\":null,\"color4\":null}, \n {\"containerid\":1,\"subid\":12,\"name\":null,\"geom\":null,\"tex1\":null,\"tex2\":null,\"displayname\":null,\"region\":15800,\"bodyset\":15800,\"color1\":13799666,\"color2\":4522188,\"costumenum\":null,\"fxname\":16271,\"color3\":13799666,\"color4\":4522188}, \n {\"containerid\":1,\"subid\":13,\"name\":null,\"geom\":null,\"tex1\":null,\"tex2\":null,\"displayname\":null,\"region\":11808,\"bodyset\":20913,\"color1\":13799666,\"color2\":4522188,\"costumenum\":null,\"fxname\":null,\"color3\":null,\"color4\":null}, \n {\"containerid\":1,\"subid\":14,\"name\":null,\"geom\":20001,\"tex1\":18959,\"tex2\":18756,\"displayname\":null,\"region\":18669,\"bodyset\":19706,\"color1\":13799666,\"color2\":4522188,\"costumenum\":null,\"fxname\":null,\"color3\":null,\"color4\":null}, \n {\"containerid\":1,\"subid\":27,\"name\":null,\"geom\":17912,\"tex1\":17913,\"tex2\":17914,\"displayname\":null,\"region\":17890,\"bodyset\":18623,\"color1\":13799666,\"color2\":4522188,\"costumenum\":null,\"fxname\":null,\"color3\":null,\"color4\":null}]\n"}
2026-09-28T17:28:18.8718707Z {"type": "log", "stage": "game_protocol_logout_second", "time_utc": "2026-09-28T17:28:12.308962+00:00", "label": "sql-fixture", "message": "[{\"containerid\":1,\"authid\":1638737196,\"authname\":\"CohA318dc5a821\",\"name\":\"TEST01443\",\"logincount\":2}]\n"}
2026-09-28T17:28:18.8720673Z {"type": "log", "stage": "game_protocol_logout_second", "time_utc": "2026-09-28T17:28:13.365841+00:00", "label": "bridge-resume", "message": "0288:err:environ:init_peb starting L\"Z:\\\\state\\\\diagnostic\\\\game-61761fb2bdde\\\\TestClientBridge.exe\" in experimental wow64 mode\n0290:err:environ:init_peb starting L\"Z:\\\\state\\\\diagnostic\\\\game-61761fb2bdde\\\\TestClientResume.exe\" in experimental wow64 mode\n"}
2026-09-28T17:28:18.8722546Z {"type": "stage", "stage": "game_protocol_logout_second", "time_utc": "2026-09-28T17:28:14.299558+00:00", "status": "passed"}
2026-09-28T17:28:18.8723495Z {"type": "log", "stage": "game_protocol_logout_second", "time_utc": "2026-09-28T17:28:14.434547+00:00", "label": "sql-fixture", "message": "0f35891b50f957d331c2407bdf5145bf36648e415c62445109c0431d9f32e36e\n"}
2026-09-28T17:28:18.8724684Z {"type": "log", "stage": "game_protocol_logout_second", "time_utc": "2026-09-28T17:28:14.491118+00:00", "label": "sql-fixture", "message": "c28b663f617b653f11b96d392da8921f994b4b6d2979a97144af25ed66a3f47c\n"}
2026-09-28T17:28:18.8725689Z {"type": "log", "stage": "game_protocol_logout_second", "time_utc": "2026-09-28T17:28:14.545787+00:00", "label": "sql-fixture", "message": "56411\n"}
2026-09-28T17:28:18.8726716Z {"type": "log", "stage": "game_protocol_logout_second", "time_utc": "2026-09-28T17:28:14.619250+00:00", "label": "sql-fixture", "message": "9ae57d1ae195b56ee73a70aedbd1afa2d94c94608c4ddf9e77b623a2c4ee1d24\n"}
2026-09-28T17:28:18.8727736Z {"type": "log", "stage": "game_protocol_logout_second", "time_utc": "2026-09-28T17:28:14.674005+00:00", "label": "sql-fixture", "message": "1771\n"}
2026-09-28T17:28:18.8728747Z {"type": "log", "stage": "game_protocol_logout_second", "time_utc": "2026-09-28T17:28:14.729596+00:00", "label": "sql-fixture", "message": "8300d4fc5596906ffa5f16d0e09cf36b0836262526e1dfda2a77e9055a03bb34\n"}
2026-09-28T17:28:18.8729744Z {"type": "log", "stage": "game_protocol_logout_second", "time_utc": "2026-09-28T17:28:14.785083+00:00", "label": "sql-fixture", "message": "90\n"}
2026-09-28T17:28:18.8730751Z {"type": "log", "stage": "game_protocol_logout_second", "time_utc": "2026-09-28T17:28:14.890120+00:00", "label": "sql-fixture", "message": "6d8c069e86803fe384d00d0935dc3542fae8690e43def4f20cf49f3ed5aeffcc\n"}
2026-09-28T17:28:18.8732236Z {"type": "log", "stage": "game_protocol_logout_second", "time_utc": "2026-09-28T17:28:14.944988+00:00", "label": "sql-fixture", "message": "e6e01dab4eae2bbde598e4990c22eae75fd08f2269d7ce2b61845ad3f4579580\n"}
2026-09-28T17:28:18.8733491Z {"type": "log", "stage": "game_protocol_logout_second", "time_utc": "2026-09-28T17:28:14.999749+00:00", "label": "sql-fixture", "message": "e8ea61bec2b7f7dac09d50110e8652b1b9e88ebe4894a510c415d4f5cf63b7c0\n"}
2026-09-28T17:28:18.8734518Z {"type": "log", "stage": "game_protocol_logout_second", "time_utc": "2026-09-28T17:28:18.479991+00:00", "label": "sql-admin", "message": "DROP DATABASE\n"}
2026-09-28T17:28:18.8735567Z {"type": "log", "stage": "game_protocol_logout_second", "time_utc": "2026-09-28T17:28:18.635103+00:00", "label": "postgres-graceful-stop", "message": "waiting for server to shut down.... done\nserver stopped\n"}
2026-09-28T17:28:18.8741488Z {"type": "log", "stage": "game_protocol_logout_second", "time_utc": "2026-09-28T17:28:18.636815+00:00", "label": "postgres_game_restart", "message": "2026-09-28 17:23:54.596 UTC [7005] LOG:  starting PostgreSQL 18.6 on aarch64-unknown-linux-gnu, compiled by gcc (Debian 12.2.0-14+deb12u1) 12.2.0, 64-bit\n2026-09-28 17:23:54.596 UTC [7005] LOG:  listening on IPv4 address \"127.0.0.1\", port 56985\n2026-09-28 17:23:54.597 UTC [7005] LOG:  listening on Unix socket \"/state/diagnostic/socket/.s.PGSQL.56985\"\n2026-09-28 17:23:54.603 UTC [7013] LOG:  database system was shut down at 2026-09-28 17:23:54 UTC\n2026-09-28 17:23:54.613 UTC [7005] LOG:  database system is ready to accept connections\n2026-09-28 17:28:18.394 UTC [7011] LOG:  checkpoint starting: immediate force wait\n2026-09-28 17:28:18.400 UTC [7011] LOG:  checkpoint complete: wrote 3 buffers (0.1%), wrote 3 SLRU buffers; 0 WAL file(s) added, 0 removed, 0 recycled; write=0.002 s, sync=0.001 s, total=0.006 s; sync files=5, longest=0.001 s, average=0.001 s; distance=521 kB, estimate=521 kB; lsn=0/2C86890, redo lsn=0/2C86838\n2026-09-28 17:28:18.486 UTC [7005] LOG:  received fast shutdown request\n2026-09-28 17:28:18.487 UTC [7005] LOG:  aborting any active transactions\n2026-09-28 17:28:18.488 UTC [7005] LOG:  background worker \"logical replication launcher\" (PID 7016) exited with exit code 1\n2026-09-28 17:28:18.489 UTC [7011] LOG:  shutting down\n2026-09-28 17:28:18.489 UTC [7011] LOG:  checkpoint starting: shutdown immediate\n2026-09-28 17:28:18.492 UTC [7011] LOG:  checkpoint complete: wrote 0 buffers (0.0%), wrote 1 SLRU buffers; 0 WAL file(s) added, 0 removed, 0 recycled; write=0.001 s, sync=0.001 s, total=0.004 s; sync files=1, longest=0.001 s, average=0.001 s; distance=0 kB, estimate=469 kB; lsn=0/2C869B8, redo lsn=0/2C869B8\n2026-09-28 17:28:18.500 UTC [7005] LOG:  database system is shut down\n"}
2026-09-28T17:28:18.8750086Z {"type": "log", "stage": "game_protocol_logout_second", "time_utc": "2026-09-28T17:28:18.644484+00:00", "label": "private-headless-x", "message": "_XSERVTransmkdir: ERROR: euid != 0,directory /tmp/.X11-unix will not be created.\n\nXvnc TigerVNC 1.12.0 - built 2023-01-06 16:01\nCopyright (C) 1999-2021 TigerVNC Team and many others (see README.rst)\nSee https://www.tigervnc.org for information on TigerVNC.\nUnderlying X server release 12101006, X.Org\n\n\nMon Sep 28 17:01:32 2026\n vncext:      VNC extension running!\n vncext:      Listening for VNC connections on\n              /state/diagnostic/runtime/vnc.sock (mode 0600)\n vncext:      created VNC server for screen 0\n[mi] mieq: warning: overriding existing handler (nil) with 0x300015ad10 for event 2\n[mi] mieq: warning: overriding existing handler (nil) with 0x300015ad10 for event 3\n\nMon Sep 28 17:28:18 2026\n ComparingUpdateTracker: 0 pixels in / 0 pixels out\n ComparingUpdateTracker: (1:nan ratio)\n"}
2026-09-28T17:28:18.8765625Z {"type": "log", "stage": "game_protocol_logout_second", "time_utc": "2026-09-28T17:28:18.656451+00:00", "label": "restart-dbserver", "message": "ind')); BEGIN EXECUTE format('CREATE INDEX IF NOT EXISTS %I ON dbo.%I (%s)', n, lower('MiningAccumulator'), 'Name'); END$$;\r\nSQLERROR: -1 42P07 NOTICE: relation \"coh_c0328cd4b0254031e1d045a68123c15e\" already exists, skipping\r\nCOMMAND: DO $$DECLARE n text := 'coh_' || md5(lower('MiningAccumulator:Name_ind')); BEGIN EXECUTE format('CREATE INDEX IF NOT EXISTS %I ON dbo.%I (%s)', n, lower('MiningAccumulator'), 'Name'); END$$;\r\nSQLERROR: -1 42P07 NOTICE: relation \"coh_c0328cd4b0254031e1d045a68123c15e\" already exists, skipping\r\nCOMMAND: DO $$DECLARE n text := 'coh_' || md5(lower('MinedData:Field_ind')); BEGIN EXECUTE format('CREATE INDEX IF NOT EXISTS %I ON dbo.%I (%s)', n, lower('MinedData'), 'Field'); END$$;\r\nSQLERROR: -1 42P07 NOTICE: relation \"coh_15fda1cac48ab0717212293efb0b0fef\" already exists, skipping\r\nCOMMAND: DO $$DECLARE n text := 'coh_' || md5(lower('MinedData:Field_ind')); BEGIN EXECUTE format('CREATE INDEX IF NOT EXISTS %I ON dbo.%I (%s)', n, lower('MinedData'), 'Field'); END$$;\r\nSQLERROR: -1 42P07 NOTICE: relation \"coh_15fda1cac48ab0717212293efb0b0fef\" already exists, skipping\r\nCOMMAND: DO $$DECLARE n text := 'coh_' || md5(lower('ShardAccounts:AuthName_ind')); BEGIN EXECUTE format('CREATE INDEX IF NOT EXISTS %I ON dbo.%I (%s)', n, lower('ShardAccounts'), 'AuthName'); END$$;\r\nSQLERROR: -1 42P07 NOTICE: relation \"coh_1075be6a714e5ca113423c3806565a4c\" already exists, skipping\r\nCOMMAND: DO $$DECLARE n text := 'coh_' || md5(lower('ShardAccounts:AuthName_ind')); BEGIN EXECUTE format('CREATE INDEX IF NOT EXISTS %I ON dbo.%I (%s)', n, lower('ShardAccounts'), 'AuthName'); END$$;\r\nSQLERROR: -1 42P07 NOTICE: relation \"coh_1075be6a714e5ca113423c3806565a4c\" already exists, skipping\r\n                                                      (2.60)\r\nClearing teamups and invalid characters...COMMAND: DO $$DECLARE n text := 'coh_' || md5(lower('Petitions:Petitions_Fetched_date')); BEGIN EXECUTE format('CREATE INDEX IF NOT EXISTS %I ON dbo.%I (%s)', n, lower('Petitions'), 'Fetched ASC, Date ASC'); END$$;\r\nSQLERROR: -1 42P07 NOTICE: relation \"coh_77ce0f52e6db9dfc76c55c08d39f817f\" already exists, skipping\r\nCOMMAND: DO $$DECLARE n text := 'coh_' || md5(lower('Petitions:Petitions_Fetched_date')); BEGIN EXECUTE format('CREATE INDEX IF NOT EXISTS %I ON dbo.%I (%s)', n, lower('Petitions'), 'Fetched ASC, Date ASC'); END$$;\r\nSQLERROR: -1 42P07 NOTICE: relation \"coh_77ce0f52e6db9dfc76c55c08d39f817f\" already exists, skipping\r\n                            (1.95)\r\nMoving old characters to offline (non-sql) storage...                 (0.00)\r\nReading Backup Files...                                               (0.07)\r\nReading stats...\r\n  Reading player names...                                             (0.01)\r\n  Reading last 30 days of event history records...2026-09-28 17:24:10 Waiting for launchers to link up...\r\n2026-09-28 17:24:25 No zone launchers connected.\r\nWould start map 1 maps/City_Zones/City_01_01/City_01_01.txt\r\nWould start map 9 maps/City_Zones/City_03_02/City_03_02.txt\r\nWould start map 12 maps/City_Zones/Hazard_01_01/Hazard_01_01.txt\r\nWould start map 13 maps/City_Zones/Hazard_02_01/Hazard_02_01.txt\r\nWould start map 24 maps/City_Zones/City_00_01/City_00_01.txt\r\nWould start map 36 maps/City_Zones/P_City_00_01/P_City_00_01.txt\r\nWould start map 40 maps/City_Zones/P_City_00_05/P_City_00_05.txt\r\nWould start map 41 maps/City_Zones/N_City_00_01/N_City_00_01.txt\r\nWould start map 49 maps/City_Zones/P_City_00_04/P_City_00_04.txt\r\nWould start map 70 maps/City_Zones/V_City_00_01/V_City_00_01.txt\r\nWould start map 71 maps/City_Zones/V_City_01_01/V_City_01_01.txt\r\nWould start map 73 maps/City_Zones/V_City_02_01/V_City_02_01.txt\r\nWould start map 74 maps/City_Zones/V_City_03_01/V_City_03_01.txt\r\nWould start map 82 maps/City_Zones/City_03_03/City_03_03.txt\r\nWould start 14 maps at startup on live\r\n2026-09-28 17:24:26 DbServer Ready.\r\n0x3000c7ddc0:1: Token id=0.1016 primary=1 impersonation level=-1\n0x3000c9c8b0:1: Process id=022c handles=(nil)\n0x3000bf0d80:1: Token id=0.1001 primary=1 impersonation level=-1\n0x3000bf09d0:1: Process id=0020 handles=(nil)\n"}
2026-09-28T17:28:18.8790603Z {"type": "log", "stage": "game_protocol_logout_second", "time_utc": "2026-09-28T17:28:18.666277+00:00", "label": "restart-atlas", "message": "Reading Door_Left_City.txt\r\n[2026-09-28 17:28:09.508] [DEBUG] \tReading Door_Left_City.txt\r\n[2026-09-28 17:28:09.509] [DEBUG] \tReading Door_Right_City.txt\r\n[2026-09-28 17:28:09.510] [DEBUG] \tReading Door_Plain.txt\r\n[2026-09-28 17:28:09.510] [DEBUG] \tReading Door_Right_City.txt\r\n[2026-09-28 17:28:09.511] [DEBUG] \tReading Door_Left_City.txt\r\n[2026-09-28 17:28:09.515] [DEBUG] \tReading Door_Right_City.txt\r\n[2026-09-28 17:28:09.515] [DEBUG] \tReading Door_Plain.txt\r\n[2026-09-28 17:28:09.516] [DEBUG] \tReading Door_Right_City.txt\r\n[2026-09-28 17:28:09.517] [DEBUG] \tReading Door_sewer2.txt\r\n[2026-09-28 17:28:09.518] [DEBUG] \tReading Door_Right_City.txt\r\n[2026-09-28 17:28:09.519] [DEBUG] \tReading Door_ArchEnt_DoubleDoors.txt\r\n[2026-09-28 17:28:09.520] [DEBUG] \tReading Door_sewer2.txt\r\n[2026-09-28 17:28:09.521] [DEBUG] \tReading Door_reclpad.txt\r\n[2026-09-28 17:28:09.522] [DEBUG] \tReading Door_Right_City.txt\r\n[2026-09-28 17:28:09.523] [DEBUG] \tReading Door_Right_City.txt\r\n[2026-09-28 17:28:09.525] [DEBUG] \tReading Door_Right_City.txt\r\n[2026-09-28 17:28:09.526] [DEBUG] \tReading Door_Left_City.txt\r\n[2026-09-28 17:28:09.527] [DEBUG] \tReading Door_Plain.txt\r\n[2026-09-28 17:28:09.528] [DEBUG] \tReading Door_RooftopAccess_Left01.txt\r\n[2026-09-28 17:28:09.529] [DEBUG] \tReading Door_Right_City.txt\r\n[2026-09-28 17:28:09.530] [DEBUG] \tReading Door_Right_City.txt\r\n[2026-09-28 17:28:09.530] [DEBUG] \tReading Door_Right_City.txt\r\n[2026-09-28 17:28:09.531] [DEBUG] \tReading Door_Plain.txt\r\n[2026-09-28 17:28:09.532] [DEBUG] \tReading Door_Left_City.txt\r\n[2026-09-28 17:28:09.533] [DEBUG] \tReading Door_ArchEnt_DoubleDoors.txt\r\n[2026-09-28 17:28:09.534] [DEBUG] \tReading Door_Left_City.txt\r\n[2026-09-28 17:28:09.535] [DEBUG] \tReading Car_Compact.txt\r\n[2026-09-28 17:28:09.536] [DEBUG] \tReading Door_Right_City.txt\r\n[2026-09-28 17:28:09.538] [DEBUG] \tReading Door_Right_City.txt\r\n[2026-09-28 17:28:09.539] [DEBUG] \tReading Door_Plain.txt\r\n[2026-09-28 17:28:09.540] [DEBUG] \tReading Door_sewer2.txt\r\n[2026-09-28 17:28:09.541] [DEBUG] \tReading Door_Plain.txt\r\n[2026-09-28 17:28:09.542] [DEBUG] \tReading Door_Left_City.txt\r\n[2026-09-28 17:28:09.543] [DEBUG] \tReading Door_Right_City.txt\r\n[2026-09-28 17:28:09.544] [DEBUG] \tReading Door_cave_02.txt\r\n[2026-09-28 17:28:09.545] [DEBUG] \tReading Door_MissArch_ElevatorDoor.txt\r\n[2026-09-28 17:28:10.740] [DEBUG] \tReading Car_Compact.txt\r\n[2026-09-28 17:28:10.741] [DEBUG] \tReading Car_Lux1.txt\r\n[2026-09-28 17:28:10.743] [DEBUG] \tReading Car_Truck.txt\r\n[2026-09-28 17:28:10.745] [DEBUG] \tReading Car_Truck.txt\r\n[2026-09-28 17:28:10.747] [DEBUG] \tReading Car_Lux1.txt\r\n[2026-09-28 17:28:10.749] [DEBUG] \tReading Car_Sport1.txt\r\n[2026-09-28 17:28:10.750] [DEBUG] \tReading Car_Truck.txt\r\n[2026-09-28 17:28:10.751] [DEBUG] \tReading Car_Truck.txt\r\n[2026-09-28 17:28:10.753] [DEBUG] \tReading Car_Truck.txt\r\n[2026-09-28 17:28:10.754] [DEBUG] \tReading Car_Truck.txt\r\n[2026-09-28 17:28:10.755] [DEBUG] \tReading Car_Lux2.txt\r\n[2026-09-28 17:28:10.757] [DEBUG] \tReading Car_Sport2.txt\r\n[2026-09-28 17:28:10.759] [DEBUG] \tReading Car_Lux2.txt\r\n[2026-09-28 17:28:10.760] [DEBUG] \tReading Car_Truck.txt\r\n[2026-09-28 17:28:10.761] [DEBUG] \tReading Car_Sport2.txt\r\n[2026-09-28 17:28:10.762] [DEBUG] \tReading Car_Compact.txt\r\n[2026-09-28 17:28:10.763] [DEBUG] \tReading Car_Sport1.txt\r\n[2026-09-28 17:28:10.764] [DEBUG] \tReading Car_Sport2.txt\r\n[2026-09-28 17:28:10.765] [DEBUG] \tReading Car_Compact.txt\r\n[2026-09-28 17:28:10.766] [DEBUG] \tReading Car_Sport2.txt\r\n[2026-09-28 17:28:10.767] [DEBUG] \tReading Car_Lux1.txt\r\n[2026-09-28 17:28:10.769] [DEBUG] \tReading Car_Lux2.txt\r\n[2026-09-28 17:28:10.771] [DEBUG] \tReading Car_Compact.txt\r\n[2026-09-28 17:28:10.774] [DEBUG] \tReading Helicopter.txt\r\n[2026-09-28 17:28:10.776] [DEBUG] \tReading Car_Sport2.txt\r\n[2026-09-28 17:28:10.776] [DEBUG] \tReading Car_Lux1.txt\r\n[2026-09-28 17:28:10.778] [DEBUG] \tReading Car_Lux2.txt\r\n[2026-09-28 17:28:10.779] [DEBUG] \tReading Car_Sport2.txt\r\n[2026-09-28 17:28:10.780] [DEBUG] \tReading Car_Sport1.txt\r\n[2026-09-28 17:28:10.781] [DEBUG] \tReading Car_Compact.txt\r\n[2026-09-28 17:28:10.783] [DEBU"}
2026-09-28T17:28:18.8803493Z {"type": "result", "stage": "game_protocol_logout_second", "time_utc": "2026-09-28T17:28:18.787843+00:00", "status": "passed", "passed": true, "report": "/state/latest-report.json", "failures": []}
2026-09-28T17:28:18.8804102Z 
2026-09-28T17:28:18.9353002Z Traceback (most recent call last):
2026-09-28T17:28:18.9353537Z   File "/home/runner/work/coh-android/coh-android/tools/android/game/host_game_smoke.py", line 765, in <module>
2026-09-28T17:28:18.9359607Z     main()
2026-09-28T17:28:18.9360022Z   File "/home/runner/work/coh-android/coh-android/tools/android/game/host_game_smoke.py", line 757, in main
2026-09-28T17:28:18.9361147Z     report = run_guest(command, env, work / "state", evidence,
2026-09-28T17:28:18.9361557Z              ^^^^^^^^^^^^^^^^^^^^^^^^^^^^^^^^^^^^^^^^^^^^^^^^^
2026-09-28T17:28:18.9362176Z   File "/home/runner/work/coh-android/coh-android/tools/android/game/host_game_smoke.py", line 702, in run_guest
2026-09-28T17:28:18.9362709Z     validate_report(report, expected=expected)
2026-09-28T17:28:18.9363235Z   File "/home/runner/work/coh-android/coh-android/tools/android/game/host_game_smoke.py", line 407, in validate_report
2026-09-28T17:28:18.9363749Z     validate_session(session)
2026-09-28T17:28:18.9364223Z   File "/home/runner/work/coh-android/coh-android/tools/android/game/host_game_smoke.py", line 271, in validate_session
2026-09-28T17:28:18.9364956Z     require(session.get("proof_completed_before_stop") is True and ready.get("format") == result.get("format") == 1
2026-09-28T17:28:18.9365686Z   File "/home/runner/work/coh-android/coh-android/tools/android/dbserver/host_dbserver_smoke.py", line 62, in require
2026-09-28T17:28:18.9366788Z     raise RuntimeError(message)
2026-09-28T17:28:18.9367201Z RuntimeError: TestClient bridge lacks completed identity-bound observation and final capture
2026-09-28T17:28:18.9844159Z ##[error]Process completed with exit code 1.
2026-09-28T17:28:18.9915863Z ##[group]Run actions/upload-artifact@v4
2026-09-28T17:28:18.9916154Z with:
2026-09-28T17:28:18.9916337Z   name: wine-game-arm64-evidence
2026-09-28T17:28:18.9917369Z   path: out/android/game-evidence/
out/wine-game/game-package.json
out/game-data/game-data-manifest.json
out/dbserver-schema/schema-manifest.json
out/bridge/bridge-build.json
out/android/native/linux-arm64/proot-build-receipt.json
out/android/talloc-source-receipt.json

2026-09-28T17:28:18.9918423Z   if-no-files-found: warn
2026-09-28T17:28:18.9918641Z   compression-level: 6
2026-09-28T17:28:18.9918838Z   overwrite: false
2026-09-28T17:28:18.9919033Z   include-hidden-files: false
2026-09-28T17:28:18.9919259Z ##[endgroup]
2026-09-28T17:28:19.2004233Z (node:7443) [DEP0040] DeprecationWarning: The `punycode` module is deprecated. Please use a userland alternative instead.
2026-09-28T17:28:19.2005087Z (Use `node --trace-deprecation ...` to show where the warning was created)
2026-09-28T17:28:19.2191153Z Multiple search paths detected. Calculating the least common ancestor of all paths
2026-09-28T17:28:19.2193074Z The least common ancestor is /home/runner/work/coh-android/coh-android/out. This will be the root directory of the artifact
2026-09-28T17:28:19.2193655Z With the provided path, there will be 40 files uploaded
2026-09-28T17:28:19.2194133Z Artifact name is valid!
2026-09-28T17:28:19.2194574Z Root directory input is valid!
2026-09-28T17:28:19.4059697Z Beginning upload of artifact content to blob storage
2026-09-28T17:28:19.9533432Z (node:7443) [DEP0169] DeprecationWarning: `url.parse()` behavior is not standardized and prone to errors that have security implications. Use the WHATWG URL API instead. CVEs are not issued for `url.parse()` vulnerabilities.
2026-09-28T17:28:20.1437531Z Uploaded bytes 8388608
2026-09-28T17:28:20.2707031Z Uploaded bytes 8991272
2026-09-28T17:28:20.2889001Z Finished uploading artifact content to blob storage!
2026-09-28T17:28:20.2889777Z SHA256 digest of uploaded artifact zip is 9b1bf45f92bc9d029ff816be02594c8c0606dd79d877cfff236b06acbb275ef5
2026-09-28T17:28:20.2891465Z Finalizing artifact upload
2026-09-28T17:28:20.4827912Z Artifact wine-game-arm64-evidence.zip successfully finalized. Artifact ID 10986152932
2026-09-28T17:28:20.4828657Z Artifact wine-game-arm64-evidence has been successfully uploaded! Final size is 8991272 bytes. Artifact ID is 10986152932
2026-09-28T17:28:20.4838072Z Artifact download URL: https://github.com/Russianranger/coh-android/actions/runs/36454174481/artifacts/10986152932
2026-09-28T17:28:20.5063718Z Post job cleanup.
2026-09-28T17:28:20.5809862Z [command]/usr/bin/git version
2026-09-28T17:28:20.5854354Z git version 2.55.0
2026-09-28T17:28:20.5893294Z Temporarily overriding HOME='/home/runner/work/_temp/b11782ee-2cbb-4879-b3bc-177f2cd10944' before making global git config changes
2026-09-28T17:28:20.5894080Z Adding repository directory to the temporary git global config as a safe directory
2026-09-28T17:28:20.5899061Z [command]/usr/bin/git config --global --add safe.directory /home/runner/work/coh-android/coh-android
2026-09-28T17:28:20.5937663Z [command]/usr/bin/git config --local --name-only --get-regexp core\.sshCommand
2026-09-28T17:28:20.5969370Z [command]/usr/bin/git submodule foreach --recursive sh -c "git config --local --name-only --get-regexp 'core\.sshCommand' && git config --local --unset-all 'core.sshCommand' || :"
2026-09-28T17:28:20.6698488Z [command]/usr/bin/git config --local --name-only --get-regexp http\.https\:\/\/github\.com\/\.extraheader
2026-09-28T17:28:20.6736331Z [command]/usr/bin/git submodule foreach --recursive sh -c "git config --local --name-only --get-regexp 'http\.https\:\/\/github\.com\/\.extraheader' && git config --local --unset-all 'http.https://github.com/.extraheader' || :"
2026-09-28T17:28:20.7116462Z [command]/usr/bin/git config --local --name-only --get-regexp ^includeIf\.gitdir:
2026-09-28T17:28:20.7151150Z [command]/usr/bin/git submodule foreach --recursive git config --local --show-origin --name-only --get-regexp remote.origin.url
2026-09-28T17:28:20.7659485Z Cleaning up orphan processes
2026-09-28T17:28:20.7911722Z ##[warning]Node.js 20 is deprecated. The following actions target Node.js 20 but are being forced to run on Node.js 24: actions/checkout@11d5960a326750d5838078e36cf38b85af677262, actions/download-artifact@v4, actions/upload-artifact@v4. For more information see: https://github.blog/changelog/2025-09-19-deprecation-of-node-20-on-github-actions-runners/
